Accession	Gene	ref_id
D6W196	SAL1	YNL083W
O13297	CET1	YPL228W
O13329	FOB1	YDR110W
O13516	RPS9A	YPL081W
O13525	COQ4	YDR204W
O13539	THP2	YHR167W
O13563	RPN13	YLR421C
O13585	YPR089W	YPR089W
O14455	RPL36B	YPL249C-A
O14467	MBF1	YOR298C-A
O43137	YBR085C-A	YBR085C-A
O60200	MDM35	YKL053C-A
O74700	TIM9	YEL020W-A
O75012	MRP10	YDL045W-A
P00044	CYC1	YJR048W
P00128	QCR7	YDR529C
P00175	CYB2	YML054C
P00330	ADH1	YOL086C
P00331	ADH2	YMR303C
P00359	TDH3	YGR192C
P00360	TDH1	YJL052W
P00424	COX5A	YNL052W
P00425	COX5B	YIL111W
P00427	COX6	YHR051W
P00431	CCP1	YKR066C
P00445	SOD1	YJR104C
P00447	SOD2	YHR008C
P00498	HIS1	YER055C
P00546	CDC28	YBR160W
P00549	CDC19	YAL038W
P00560	PGK1	YCR012W
P00724	SUC2	YIL162W
P00729	PRC1	YMR297W
P00812	CAR1	YPL111W
P00815	HIS4	YCL030C
P00817	IPP1	YBR011C
P00830	ATP2	YJR121W
P00890	CIT1	YNR001C
P00899	TRP2	YER090W
P00924	ENO1	YGR254W
P00925	ENO2	YHR174W
P00927	ILV1	YER086W
P00931	TRP5	YGL026C
P00937	TRP3	YKL211C
P00942	TPI1	YDR050C
P00950	GPM1	YKL152C
P00958	MES1	YGR264C
P01097	INH1	YDL181W
P01119	RAS1	YOR101W
P01120	RAS2	YNL098C
P01123	YPT1	YFL038C
P02293	HTB1	YDR224C
P02400	RPP2B	YDR382W
P02406	RPL28	YGL103W
P02407	RPS17A	YML024W
P02557	TUB2	YFL037W
P02829	HSP82	YPL240C
P02992	TUF1	YOR187W
P03874	CBP2	YHL038C
P03962	URA3	YEL021W
P03965	CPA2	YJR109C
P04037	COX4	YGL187C
P04039	COX8	YLR395C
P04046	ADE4	YMR300C
P04050	RPO21	YDL140C
P04051	RPO31	YOR116C
P04076	ARG4	YHR018C
P04147	PAB1	YER165W
P04161	ADE8	YDR408C
P04173	LEU2	YCL018W
P04387	GAL80	YML051W
P04449	RPL24A	YGL031C
P04456	RPL25	YOL127W
P04710	AAC1	YMR056C
P04786	TOP1	YOL006C
P04801	THS1	YIL078W
P04802	DPS1	YLL018C
P04806	HXK1	YFR053C
P04807	HXK2	YGL253W
P04817	CAN1	YEL063C
P04819	CDC9	YDL164C
P04821	CDC25	YLR310C
P04840	POR1	YNL055C
P04911	HTA1	YDR225W
P05030	PMA1	YGL008C
P05150	ARG3	YJL088W
P05317	RPP0	YLR340W
P05318	RPP1A	YDL081C
P05319	RPP2A	YOL039W
P05373	HEM2	YGL040C
P05374	CHO2	YGR157W
P05375	OPI3	YJR073C
P05453	SUP35	YDR172W
P05626	ATP4	YPL078C
P05694	MET6	YER091C
P05737	RPL7A	YGL076C
P05739	RPL6B	YLR448W
P05740	RPL17A	YKL180W
P05743	RPL26A	YLR344W
P05744	RPL33A	YPL143W
P05748	RPL15A	YLR029C
P05749	RPL22A	YLR061W
P05750	RPS3	YNL178W
P05755	RPS9B	YBR189W
P05756	RPS13	YDR064W
P05759	RPS31	YLR167W
P06100	CDC36	YDL165W
P06101	CDC37	YDR168W
P06102	NOT3	YIL038C
P06103	PRT1	YOR361C
P06105	SCP160	YJL080C
P06106	MET17	YLR303W
P06168	ILV5	YLR355C
P06169	PDC1	YLR044C
P06174	HEM4	YOR278W
P06182	CYC3	YAL039C
P06197	PIS1	YPR113W
P06208	LEU4	YNL104C
P06242	KIN28	YDL108W
P06244	TPK1	YJL164C
P06245	TPK2	YPL203W
P06633	HIS3	YOR202W
P06634	DED1	YOR204W
P06701	SIR3	YLR442C
P06704	CDC31	YOR257W
P06738	GPH1	YPR160W
P06775	HIP1	YGR191W
P06776	PDE2	YOR360C
P06777	RAD1	YPL022W
P06778	RAD52	YML032C
P06779	RAD7	YJR052W
P06780	RHO1	YPR165W
P06781	RHO2	YNL090W
P06782	SNF1	YDR477W
P06785	CDC21	YOR074C
P06786	TOP2	YNL088W
P06787	CMD1	YBR109C
P06839	RAD3	YER171W
P06843	SPT2	YER161C
P06844	SPT3	YDR392W
P07143	CYT1	YOR065W
P07149	FAS1	YKL182W
P07170	ADK1	YDR226W
P07172	HIS5	YIL116W
P07213	TOM70	YNL121C
P07236	MST1	YKL194C
P07244	ADE5,7	YGL234W
P07245	ADE3	YGR204W
P07246	ADH3	YMR083W
P07248	ADR1	YDR216W
P07250	ARG82	YDR173C
P07251	ATP1	YBL099W
P07252	CBP1	YJL209W
P07253	CBP6	YBR120C
P07255	COX9	YDL067C
P07256	COR1	YBL045C
P07257	QCR2	YPR191W
P07258	CPA1	YOR303W
P07259	URA2	YJL130C
P07260	CDC33	YOL139C
P07261	GCR1	YPL075W
P07262	GDH1	YOR375C
P07263	HTS1	YPR033C
P07264	LEU1	YGL009C
P07267	PEP4	YPL154C
P07269	PHO2	YDL106C
P07271	PIF1	YML061C
P07273	DST1	YGL043W
P07274	PFY1	YOR122C
P07275	PUT2	YHR037W
P07276	RAD2	YGR258C
P07277	ERG12	YMR208W
P07278	BCY1	YIL033C
P07280	RPS19A	YOL121C
P07283	SEC53	YFL045C
P07284	SES1	YDR023W
P07285	TRP4	YDR354W
P07342	ILV2	YMR108W
P07347	ARD1	YHR013C
P07390	PET494	YNR045W
P07560	SEC4	YFL005W
P07702	LYS2	YBR115C
P07703	RPC40	YPR110C
P07806	VAS1	YGR094W
P07884	MOD5	YOR274W
P08004	CHS1	YNL192W
P08018	PBS2	YJL128C
P08067	RIP1	YEL024W
P08417	FUM1	YPL262W
P08425	MSF1	YPR047W
P08432	SPE1	YKL184W
P08456	CHO1	YER026C
P08465	MET2	YNL277W
P08466	NUC1	YJL208C
P08468	PET111	YMR257C
P08518	RPB2	YOR151C
P08524	ERG20	YJL167W
P08536	MET3	YJR010W
P08539	GPA1	YHR005C
P08566	ARO1	YDR127W
P08593	MSS18	YPR134W
P08638	LEU3	YLR451W
P08678	CYR1	YJL005W
P08679	CIT2	YCR005C
P09032	GCD1	YOR260W
P09064	SUI3	YPL237W
P09232	PRB1	YEL060C
P09368	PUT1	YLR142W
P09435	SSA3	YBL075C
P09436	ILS1	YBL076C
P09457	ATP5	YDR298C
P09547	SWI1	YPL016W
P09620	KEX1	YGL203C
P09624	LPD1	YFL018C
P09733	TUB1	YML085C
P09734	TUB3	YML124C
P09798	CDC16	YKL022C
P09938	RNR2	YJL026W
P09950	HEM1	YDR232W
P09959	SWI6	YLR182W
P0C0T4	RPS25B	YLR333C
P0C0V8	RPS21A	YKR057W
P0C0W1	RPS22A	YJL190C
P0C0W9	RPL11A	YPR102C
P0C0X0	RPS28B	YLR264W
P0C2H6	RPL27A	YHR010W
P0C2H8	RPL31A	YDL075W
P0C2H9	RPL31B	YLR406C
P0C5N3	YGL041W-A	YGL041W-A
P0C5R9	YPR170W-B	YPR170W-B
P0CE41	HAP1	YLR256W
P0CS90	SSC1	YJR045C
P0CT04	PBI2	YNL015W
P0CX20	YRF1-1	YDR545W
P0CX23	RPL20A	YMR242C
P0CX26	RPL43B	YJR094W-A
P0CX28	RPL42B	YHR141C
P0CX29	RPS23A	YGR118W
P0CX31	RPS24A	YER074W
P0CX34	RPS30B	YOR182C
P0CX36	RPS4B	YHR203C
P0CX38	RPS6B	YBR181C
P0CX39	RPS8A	YBL072C
P0CX41	RPL23A	YBL087C
P0CX44	RPL1B	YGL135W
P0CX45	RPL2A	YFR031C-A
P0CX47	RPS11A	YDR025W
P0CX49	RPL18A	YOL120C
P0CX51	RPS16A	YMR143W
P0CX53	RPL12A	YEL054C
P0CX56	RPS18B	YML026C
P0CX79	ASP3-4	YLR160C
P0CX82	RPL19A	YBR084C-A
P0CX84	RPL35A	YDL191W
P10080	SBP1	YHL034C
P10081	TIF1	YKR059W
P10355	PET122	YER153C
P10356	YER152C	YER152C
P10363	PRI1	YIR008C
P10507	MAS1	YLR163C
P10591	SSA1	YAL005C
P10592	SSA2	YLL024C
P10614	ERG11	YHR007C
P10622	RPP1B	YDL130W
P10659	SAM1	YLR180W
P10662	MRP1	YDR347W
P10663	MRP2	YPR166C
P10664	RPL4A	YBR031W
P10823	GPA2	YER020W
P10849	MTF2	YDL044C
P10862	RAD18	YCR066W
P10869	HOM3	YER052C
P10961	HSF1	YGL073W
P10962	MAK16	YAL025C
P11075	SEC7	YDR170C
P11076	ARF1	YDL192W
P11154	PYC1	YGL062W
P11325	NAM2	YLR382C
P11353	HEM13	YDR044W
P11412	ZWF1	YNL241C
P11433	CDC24	YAL041W
P11491	PHO8	YDR481C
P11632	NHP6A	YPR052C
P11633	NHP6B	YBR089C-A
P11655	SEC12	YNR026C
P11709	BIK1	YCL029C
P11745	RNA1	YMR235C
P11747	TAF13	YML098W
P11792	SCH9	YHR205W
P11914	MAS2	YHR024C
P11938	RAP1	YNL216W
P11978	SIR4	YDR227W
P11986	INO1	YJL153C
P12383	PDR1	YGL013C
P12385	SUP45	YBR143C
P12611	WHI2	YOR043W
P12612	TCP1	YDR212W
P12630	BAR1	YIL015W
P12683	HMG1	YML075C
P12684	HMG2	YLR450W
P12686	MRP13	YGR084C
P12687	MRP7	YNL005C
P12688	YPK1	YKL126W
P12695	LAT1	YNL071W
P12709	PGI1	YBR196C
P12754	GCD2	YGR083C
P12866	STE6	YKL209C
P12868	PEP5	YMR231W
P12887	UNG1	YML021C
P12904	SNF4	YGL115W
P12945	NAT1	YDL040C
P12954	SRS2	YJL092W
P13185	KIN1	YDR122W
P13186	KIN2	YLR096W
P13188	GLN4	YOR168W
P13259	PCT1	YGR202C
P13298	URA5	YML106W
P13393	SPT15	YER148W
P13433	RPO41	YFL036W
P13434	HAP3	YBL021C
P13517	CAP2	YIL034C
P13574	STE12	YHR084W
P13586	PMR1	YGL167C
P13663	HOM2	YDR158W
P13856	RSR1	YGR152C
P13902	INO4	YOL108C
P14020	DPM1	YPR183W
P14065	GCY1	YOR120W
P14120	RPL30	YGL030W
P14126	RPL3	YOR063W
P14164	ABF1	YKL112W
P14180	CHS2	YBR038W
P14306	TFS1	YLR178C
P14540	FBA1	YKL060C
P14680	YAK1	YJL141C
P14681	KSS1	YGR040W
P14682	CDC34	YDR054C
P14693	SAM35	YHR083W
P14737	RAD9	YDR217C
P14741	GCN3	YKR026C
P14742	GFA1	YKL104C
P14743	NMT1	YLR195C
P14747	CMP2	YML057W
P14772	BPT1	YLL015W
P14832	CPR1	YDR155C
P14843	ARO3	YDR035W
P14904	APE1	YKL103C
P14905	CBS2	YDR197W
P14906	SEC63	YOR254C
P14907	NSP1	YJL041W
P14922	CYC8	YBR112C
P15019	TAL1	YLR354C
P15108	HSC82	YMR186W
P15179	MSD1	YPL104W
P15274	AMD1	YML035C
P15303	SEC23	YPR181C
P15365	DAL5	YJR152W
P15367	SEC11	YIR022W
P15380	PUT4	YOR348C
P15424	MSS116	YDR194C
P15436	POL3	YDL102W
P15442	GCN2	YDR283C
P15454	GUK1	YDR454C
P15496	IDI1	YPL117C
P15565	TRM1	YDR120C
P15624	FRS1	YLR060W
P15625	FRS2	YFL022C
P15700	URA6	YKL024C
P15703	BGL2	YGR282C
P15705	STI1	YOR027W
P15731	UBC4	YBR082C
P15790	CKA1	YIL035C
P15873	POL30	YBR088C
P15891	ABP1	YCR088W
P15938	PRP16	YKR086W
P15992	HSP26	YBR072W
P16120	THR4	YCR053W
P16140	VMA2	YBR127C
P16151	ERD1	YDR414C
P16370	RPB3	YIL021W
P16387	PDA1	YER178W
P16451	PDX1	YGR193C
P16474	KAR2	YJL034W
P16521	YEF3	YLR249W
P16547	OM45	YIL136W
P16550	APA1	YCL050C
P16603	NCP1	YHR042W
P16622	HEM15	YOR176W
P16639	ATE1	YGL017W
P16649	TUP1	YCR084C
P16661	ALG1	YBR110W
P16664	RGP1	YDR137W
P16861	PFK1	YGR240C
P16862	PFK2	YMR205C
P16892	FUS3	YBL016W
P17064	FCY2	YER056C
P17065	SEC2	YNL272C
P17076	RPL8A	YHL033C
P17106	CBF1	YJR060W
P17119	KAR3	YPR141C
P17121	SAC7	YDR389W
P17157	PHO85	YPL031C
P17255	VMA1	YDL185W
P17423	THR1	YHR025W
P17442	PHO81	YGR233C
P17505	MDH1	YKL085W
P17536	TPM1	YNL079C
P17555	SRV2	YNL138W
P17558	PET123	YOR158W
P17629	HPR1	YDR138W
P17649	UGA1	YGR019W
P17695	GRX2	YDR513W
P17709	GLK1	YCL040W
P17883	SKI3	YPR189W
P17890	RPC31	YNL151C
P17891	CLC1	YGR167W
P17898	CPT1	YNL130C
P17967	PDI1	YCL043C
P18239	PET9	YBL030C
P18410	SPO7	YAL009W
P18414	ERD2	YBL040C
P18480	SNF5	YBR289W
P18496	ATP10	YLR393W
P18544	ARG8	YOL140W
P18634	ART10	YLR392C
P18759	SEC18	YBR080C
P18851	STE4	YOR212W
P18888	SNF6	YHL025W
P18899	DDR48	YMR173W
P18900	COQ1	YBR003W
P18961	YPK2	YMR104C
P18962	DAP2	YHR028C
P18963	IRA1	YBR140C
P19073	CDC42	YLR229C
P19097	FAS2	YPL231W
P19145	GAP1	YKR039W
P19146	ARF2	YDL137W
P19262	KGD2	YDR148C
P19263	RGR1	YLR071C
P19358	SAM2	YDR502C
P19414	ACO1	YLR304C
P19454	CKA2	YOR061W
P19524	MYO2	YOR326W
P19658	EXO70	YJL085W
P19659	GAL11	YOL051W
P19735	PRP6	YBR055C
P19736	PRP9	YDL030W
P19812	UBR1	YGR184C
P19880	YAP1	YML007W
P19881	PHO13	YDL236W
P19882	HSP60	YLR259C
P19955	YMR31	YFR049W
P20049	TYR1	YBR166C
P20051	URA4	YLR420W
P20052	PHO80	YOL001W
P20053	PRP4	YPR178W
P20081	FPR1	YNL135C
P20084	MRPL33	YMR286W
P20095	PRP2	YNR011C
P20107	ZRC1	YMR243C
P20133	BET2	YPR176C
P20134	SFL1	YOR140W
P20424	SRP54	YPR088C
P20433	RPB4	YJL140W
P20436	RPB8	YOR224C
P20449	DBP5	YOR046C
P20457	PRI2	YKL045W
P20459	SUI2	YJR007W
P20484	MAK11	YKL021C
P20485	CKI1	YLR133W
P20486	CKS1	YBR135W
P20604	SIT4	YDL047W
P20606	SAR1	YPL218W
P20676	NUP1	YOR098C
P20795	VPS33	YLR396C
P20967	KGD1	YIL125W
P21147	OLE1	YGL055W
P21182	SPE2	YOL052C
P21242	PRE10	YOR362C
P21243	SCL1	YGL011C
P21264	ADE2	YOR128C
P21269	CCA1	YER168C
P21304	PWP1	YLR196W
P21306	ATP15	YPL271W
P21339	MSB1	YOR188W
P21373	UTR1	YJR049C
P21375	OSM1	YJR051W
P21524	RNR1	YER070W
P21538	REB1	YBR049C
P21560	CBP3	YPL215W
P21576	VPS1	YKR001C
P21657	DAL81	YIR023W
P21734	UBC1	YDR177W
P21771	MRPS28	YDR337W
P21801	SDH2	YLL041C
P21825	SEC62	YPL094C
P21827	SRM1	YGL097W
P21954	IDP1	YDL066W
P21957	OPI1	YHL020C
P21965	MCK1	YNL307C
P22007	RAM1	YDL090C
P22082	SNF2	YOR290C
P22133	MDH2	YOL126C
P22134	MAG1	YER142C
P22135	ATP12	YJL180C
P22136	AEP2	YMR282C
P22137	CHC1	YGL206C
P22139	RPB10	YOR210W
P22140	EPT1	YHR123W
P22141	PRE1	YER012W
P22146	GAS1	YMR307W
P22147	XRN1	YGL173C
P22202	SSA4	YER103W
P22203	VMA4	YOR332W
P22204	DBF2	YGR092W
P22209	KIN3	YAR018C
P22211	NPR1	YNL183C
P22213	SLY1	YDR189W
P22214	SEC22	YLR268W
P22215	SLY41	YOR307C
P22217	TRX1	YLR043C
P22224	SEC15	YGL233W
P22289	QCR9	YGR183C
P22336	RFA1	YAR007C
P22353	MRPL8	YJL063C
P22354	MRPL20	YKR085C
P22434	PDE1	YGL248W
P22438	MSM1	YGR171C
P22515	UBA1	YKL210W
P22517	CMK2	YOL016C
P22543	VPS34	YLR240W
P22579	SIN3	YOL004W
P22580	AMD2	YDR242W
P22768	ARG1	YOL058W
P22803	TRX2	YGR209C
P22804	BET1	YIL004C
P22855	AMS1	YGL156W
P22936	APN1	YKL114C
P22943	HSP12	YFL014W
P23180	AIM17	YHL021C
P23201	SPA2	YLL021W
P23202	URE2	YNL229C
P23248	RPS1B	YML063W
P23254	TKL1	YPR074C
P23255	TAF2	YCR042C
P23287	CNA1	YLR433C
P23292	YCK2	YNL154C
P23293	SGV1	YPR161C
P23301	HYP2	YEL034W
P23337	GSY1	YFR015C
P23369	MRPL25	YGR076C
P23500	MRS4	YKR052C
P23503	NAR1	YNL240C
P23542	AAT2	YLR027C
P23561	STE11	YLR362W
P23585	HXT2	YMR011W
P23595	PPH22	YDL188C
P23615	SPT6	YGR116W
P23638	PRE9	YGR135W
P23639	PRE8	YML092C
P23641	MIR1	YJR077C
P23642	VAN1	YML115C
P23643	VPS3	YDR495C
P23644	TOM40	YMR203W
P23724	PRE7	YBL041W
P23776	EXG1	YLR300W
P23796	RIT1	YMR283C
P23797	GPI12	YMR281W
P23833	SCO1	YBR037C
P23968	VMA16	YHR026W
P24004	PEX1	YKL197C
P24276	SSD1	YDR293C
P24280	SEC14	YMR079W
P24384	PRP22	YER013W
P24521	ERG8	YMR220W
P24583	PKC1	YBL105C
P24720	MNE1	YOR350C
P24814	GRR1	YJR090C
P25036	YSP3	YOR003W
P25037	UBP1	YDL122W
P25038	IFM1	YOL023W
P25039	MEF1	YLR069C
P25040	TSR4	YOL022C
P25043	PUP1	YOR157C
P25044	PTP1	YDL230W
P25045	LCB1	YMR296C
P25087	ERG6	YML008C
P25270	MRM1	YOR201C
P25293	NAP1	YKR048C
P25294	SIS1	YNL007C
P25296	CNB1	YKL190W
P25298	RNA14	YMR061W
P25303	SCJ1	YMR214W
P25332	RBK1	YCR036W
P25335	DAL2	YIR029W
P25339	PUF4	YGL014W
P25340	ERG4	YGL012W
P25342	CDC10	YCR002C
P25343	RVS161	YCR009C
P25344	STE50	YCL032W
P25345	SLM5	YCR024C
P25349	YCP4	YCR004C
P25351	YCR023C	YCR023C
P25353	NPP1	YCR026C
P25355	CTR86	YCR054C
P25358	ELO2	YCR034W
P25359	RRP43	YCR035C
P25365	SED4	YCR067C
P25366	OCA4	YCR095C
P25367	RNQ1	YCL028W
P25369	LSB5	YCL034W
P25371	ADP1	YCR011C
P25372	TRX3	YCR083W
P25373	GRX1	YCL035C
P25374	NFS1	YCL017C
P25375	PRD1	YCL057W
P25385	BOS1	YLR078C
P25386	USO1	YDL058W
P25441	RPC53	YDL150W
P25443	RPS2	YGL123W
P25454	RAD51	YER095W
P25491	YDJ1	YNL064C
P25502	PUT3	YKL015W
P25554	SGF29	YCL010C
P25555	GBP2	YCL011C
P25558	BUD3	YCL014W
P25559	DCC1	YCL016C
P25569	GID7	YCL039W
P25573	MGR1	YCL044C
P25574	EMC1	YCL045C
P25580	PBN1	YCL052C
P25583	KAR4	YCL055W
P25586	KRR1	YCL059C
P25587	LDB16	YCL005W
P25604	STP22	YCL008C
P25605	ILV6	YCL009C
P25617	YCR016W	YCR016W
P25618	CWH43	YCR017C
P25623	SYP1	YCR030C
P25626	IMG1	YCR046C
P25627	BUD23	YCR047C
P25631	YCR051W	YCR051W
P25632	RSC6	YCR052W
P25641	ATG15	YCR068W
P25642	IMG2	YCR071C
P25644	PAT1	YCR077C
P25646	PTC6	YCR079W
P25655	CDC39	YCR093W
P25694	CDC48	YDL126C
P25719	CPR3	YML078W
P25808	SPB4	YFL002C
P26321	RPL5	YPL131W
P26370	UGA3	YDL170W
P26449	BUB3	YOR026W
P26570	PPZ1	YML016C
P26637	CDC60	YPL160W
P26725	YUR1	YJL139C
P26754	RFA2	YNL312W
P26783	RPS5	YJR123W
P26784	RPL16A	YIL133C
P26785	RPL16B	YNL069C
P26786	RPS7A	YOR096W
P26793	RAD27	YKL113C
P26798	INO2	YDR123C
P27344	DPB3	YBR278W
P27351	APL1	YJR005W
P27466	CMK1	YFR014C
P27472	GSY2	YLR258W
P27514	PHO91	YNR013C
P27614	CPS1	YJL172W
P27616	ADE1	YAR015W
P27636	CDC15	YAR019C
P27637	BUD14	YAR014C
P27680	COQ3	YOL096C
P27692	SPT5	YML010W
P27697	COQ8	YGL119W
P27801	PEP3	YLR148W
P27809	KRE2	YDR483W
P27810	KTR1	YOR099W
P27825	CNE1	YAL058W
P27882	ERV1	YGR029W
P27895	CIN8	YEL061C
P27929	NAM9	YNL137C
P27999	RPB9	YGL070C
P28000	RPC19	YNL113W
P28004	PRP45	YAL032C
P28005	POP5	YAL033W
P28239	PPA2	YMR267W
P28240	ICL1	YER065C
P28241	IDH2	YOR136W
P28263	UBC8	YEL012W
P28272	URA1	YKL216W
P28273	OXP1	YKL215C
P28321	YJU3	YKL094W
P28495	CAP1	YKL007W
P28519	RAD14	YMR201C
P28707	SBA1	YKL117W
P28708	PRR1	YKL116C
P28737	MSP1	YGR028W
P28743	KIP2	YPL155C
P28777	ARO2	YGL148W
P28791	SEC20	YDR498C
P28795	PEX3	YDR329C
P28817	EHD3	YDR036C
P28834	IDH1	YNL037C
P29055	SUA7	YPR086W
P29311	BMH1	YER177W
P29453	RPL8B	YLL045C
P29468	PAP1	YKR002W
P29469	MCM2	YBL023C
P29478	SEC65	YML105C
P29496	MCM5	YLR274W
P29509	TRR1	YDR353W
P29547	CAM1	YPL048W
P29703	RAM2	YKL019W
P29704	ERG9	YHR190W
P29952	PMI40	YER003C
P30402	URA10	YMR271C
P30605	ITR1	YDR497C
P30606	ITR2	YOL103W
P30619	SEC1	YDR164C
P30624	FAA1	YOR317W
P30656	PRE2	YPR103W
P30657	PRE4	YFR050C
P30665	MCM4	YPR019W
P30771	NAM7	YMR080C
P30775	MRF1	YGL143C
P30777	GPI10	YGL142C
P30822	CRM1	YGR218W
P30902	ATP7	YKL016C
P30952	MLS1	YNL117W
P31116	HOM6	YJR139C
P31373	CYS3	YAL012W
P31374	PSK1	YAL017W
P31376	SWC3	YAL011W
P31381	FUN26	YAL022C
P31382	PMT2	YAL023C
P31383	TPD3	YAL016W
P31384	CCR4	YAL021C
P31385	DEP1	YAL013W
P31412	VMA5	YKL080W
P31539	HSP104	YLL026W
P31688	TPS2	YDR074W
P31755	OCH1	YGL038C
P31787	ACB1	YGR037C
P32048	MSK1	YNL073W
P32074	SEC21	YNL287W
P32178	ARO7	YPR060C
P32179	MET22	YOL064C
P32190	GUT1	YHL032C
P32191	GUT2	YIL155C
P32259	SIN4	YNL236W
P32263	PRO3	YER023W
P32264	PRO1	YDR300C
P32266	MGM1	YOR211C
P32288	GLN1	YPR035W
P32316	ACH1	YBL015W
P32317	AFG1	YEL052W
P32319	PEP1	YBL017C
P32327	PYC2	YBR218C
P32328	DBF20	YPR111W
P32329	YPS1	YLR120C
P32330	DGR2	YKL121W
P32331	YMC1	YPR058W
P32332	OAC1	YKL120W
P32335	MSS51	YLR203C
P32336	NUD1	YOR373W
P32337	PSE1	YMR308C
P32339	HMX1	YLR205C
P32340	NDI1	YML120C
P32341	VPH2	YKL119C
P32342	SRP21	YKL122C
P32343	SSH4	YKL124W
P32345	PPH3	YDR075W
P32347	HEM12	YDR047W
P32349	RPC82	YPR190C
P32350	KNS1	YLL019C
P32353	ERG3	YLR056W
P32356	NTH1	YDR001C
P32361	IRE1	YHR079C
P32364	SMY1	YKL079W
P32366	VMA6	YLR447C
P32367	TFC1	YBR123C
P32368	SAC1	YKL212W
P32377	MVD1	YNR043W
P32378	COQ2	YNR041C
P32379	PUP2	YGR253C
P32380	SPC110	YDR356W
P32381	ARP2	YDL029W
P32386	YBT1	YLL048C
P32387	MRP20	YDR405W
P32419	MDH3	YDL078C
P32445	RIM1	YCR028C-A
P32447	ASF1	YJL115W
P32449	ARO4	YBR249C
P32451	BIO2	YGR286C
P32452	PHA2	YNL316C
P32453	ATP11	YNL315C
P32454	APE2	YKL157W
P32457	CDC3	YLR314C
P32458	CDC11	YJR076C
P32460	DCG1	YIR030C
P32461	DPH2	YKL191W
P32462	ERG24	YNL280C
P32463	ACP1	YKL192C
P32464	HYM1	YKL189W
P32468	CDC12	YHR107C
P32469	DPH5	YLR172C
P32471	EFB1	YAL003W
P32472	FPR2	YDR519W
P32473	PDB1	YBR221C
P32474	EUG1	YDR518W
P32476	ERG1	YGR175C
P32477	GSH1	YJL101C
P32478	HSP150	YJL159W
P32480	HIR2	YOR038C
P32481	GCD11	YER025W
P32485	HOG1	YLR113W
P32486	KRE6	YPR159W
P32487	LYP1	YNL268W
P32490	MKK1	YOR231W
P32493	AEP1	YMR064W
P32494	NGG1	YDR176W
P32496	RPN12	YFR052W
P32497	NIP1	YMR309C
P32499	NUP2	YLR335W
P32500	NDC1	YML031W
P32501	GCD6	YDR211W
P32502	GCD7	YLR291C
P32504	CBF2	YGR140W
P32505	NAB2	YGL122C
P32521	PAN1	YIR006C
P32523	PRP19	YLL036C
P32525	ECM25	YJL201W
P32527	ZUO1	YGR285C
P32528	DUR1,2	YBR208C
P32558	SPT16	YGL207W
P32559	MSS1	YMR023C
P32561	RPD3	YNL330C
P32563	VPH1	YOR270C
P32564	SCM4	YGR049W
P32565	RPN2	YIL075C
P32567	PAH1	YMR165C
P32568	SNQ2	YDR011W
P32569	SRB4	YER022W
P32578	SIP1	YDR422C
P32580	SUV3	YPL029W
P32582	CYS4	YGR155W
P32588	PUB1	YNL016W
P32589	SSE1	YPL106C
P32590	SSE2	YBR169C
P32591	SWI3	YJL176C
P32597	STH1	YIL126W
P32598	GLC7	YER133W
P32599	SAC6	YDR129C
P32602	SEC17	YBL050W
P32604	FBP26	YJL155C
P32605	MUD1	YBR119W
P32606	PET127	YOR017W
P32608	RTG2	YGL252C
P32609	PEP7	YDR323C
P32610	VMA8	YEL051W
P32614	FRD1	YEL047C
P32617	IES6	YEL044W
P32618	YEL043W	YEL043W
P32621	GDA1	YEL042W
P32622	YEF1	YEL041W
P32626	UTR4	YEL038W
P32628	RAD23	YEL037C
P32629	ANP1	YEL036C
P32642	GRX4	YER174C
P32643	TMT1	YER175C
P32644	ECM32	YER176W
P32656	GCG1	YER163C
P32657	CHD1	YER164W
P32660	DNF1	YER166W
P32769	HBS1	YKR084C
P32771	SFA1	YDL168W
P32774	TOA2	YKL058W
P32775	GLC3	YEL011W
P32776	TFB1	YDR311W
P32783	ABD1	YBR236C
P32784	SCT1	YBL011W
P32787	MGM101	YJR144W
P32788	YBL010C	YBL010C
P32790	SLA1	YBL007C
P32792	YSC83	YHR017W
P32793	YSC84	YHR016C
P32794	AFG2	YLR397C
P32795	YME1	YPR024W
P32798	COT1	YOR316C
P32799	COX13	YGL191W
P32800	PEX2	YJL210W
P32802	EMP70	YLR083C
P32803	EMP24	YGL200C
P32804	ZRT1	YGL255W
P32805	FZF1	YGL254W
P32806	GYP6	YJL044C
P32830	TIM12	YBR091C
P32831	NGR1	YBR212W
P32832	NPL6	YMR091C
P32836	GSP2	YOR185C
P32839	BCS1	YDR375C
P32843	YME2	YMR302C
P32844	SEC6	YIL068C
P32849	RAD5	YLR032W
P32854	PEP12	YOR036W
P32855	SEC8	YPR055W
P32857	PTM1	YKL039W
P32860	NFU1	YKL040C
P32861	UGP1	YKL035W
P32862	RGT1	YKL038W
P32863	RAD54	YGL163C
P32864	MRS6	YOR370C
P32873	BEM3	YPL115C
P32874	HFA1	YMR207C
P32875	LIP5	YOR196C
P32891	DLD1	YDL174C
P32895	PRS1	YKL181W
P32896	PDC2	YDR081C
P32898	CYM1	YDR430C
P32902	MRP4	YHL004W
P32904	MRPL6	YHR147C
P32905	RPS0A	YGR214W
P32906	MNS1	YJR131W
P32907	ATO2	YNR002C
P32908	SMC1	YFL008W
P32911	SUI1	YNL244C
P32912	VAM7	YGL212W
P32913	VPS17	YOR132W
P32915	SEC61	YLR378C
P32916	SRP101	YDR292C
P32917	STE5	YDR103W
P32939	YPT7	YML001W
P33201	MRT4	YKL009W
P33202	UFD4	YKL010C
P33203	PRP40	YKL012W
P33296	UBC6	YER100W
P33297	RPT5	YOR117W
P33298	RPT3	YDR394W
P33299	RPT1	YKL145W
P33302	PDR5	YOR153W
P33307	CSE1	YGL238W
P33308	CSE2	YNR010W
P33309	DOM34	YNL001W
P33310	MDL1	YLR188W
P33311	MDL2	YPL270W
P33312	RIB7	YBR153W
P33314	BUD2	YKL092C
P33317	DUT1	YBR252W
P33324	YKL091C	YKL091C
P33327	GDH2	YDL215C
P33328	SNC2	YOR327C
P33329	PPZ2	YDR436W
P33330	SER1	YOR184W
P33331	NTF2	YER009W
P33332	SEC3	YER008C
P33333	SLC1	YDL052C
P33334	PRP8	YHR165C
P33336	SKN1	YGR143W
P33338	SLA2	YNL243W
P33339	TFC4	YGR047C
P33399	LHP1	YDL051W
P33401	PGM1	YKL127W
P33411	PRP18	YGR006W
P33416	HSP78	YDR258C
P33417	IXR1	YKL032C
P33421	SDH3	YKL141W
P33441	MFT1	YML062C
P33442	RPS1A	YLR441C
P33734	HIS7	YBR248C
P33753	TRM2	YKR056W
P33755	NPL4	YBR170C
P33759	MRPS5	YBR251W
P33760	PEX6	YNL329C
P33767	WBP1	YEL002C
P33775	PMT1	YDL095W
P33891	TIP20	YGL145W
P33893	PET112	YBL080C
P33894	STE13	YOR219C
P33895	NUF2	YOL069W
P34072	MKS1	YNL076W
P34077	NIC96	YFR002W
P34087	RPB7	YDR404C
P34110	VPS35	YJL154C
P34111	TFC3	YAL001C
P34160	STO1	YMR125W
P34162	SRB2	YHR041C
P34163	TGL1	YKL140W
P34167	TIF3	YPR163C
P34216	EDE1	YBL047C
P34218	SAS3	YBL052C
P34221	PTC3	YBL056W
P34222	PTH2	YBL057C
P34223	SHP1	YBL058W
P34226	SKT5	YBL061C
P34227	PRX1	YBL064C
P34230	PXA2	YKL188C
P34233	ASH1	YKL185W
P34237	COY1	YKL179C
P34243	HCS1	YKL017C
P34244	HSL1	YKL101W
P34248	YKL100C	YKL100C
P34253	KTI12	YKL110C
P34730	BMH2	YDR099W
P34756	FAB1	YFR019W
P34760	TSA1	YML028W
P34761	WHI3	YNL197C
P34909	MOT2	YER068W
P35056	PEX5	YDR244W
P35172	NTH2	YBR001C
P35177	SPT7	YBR081C
P35178	RRP1	YDR087C
P35179	SSS1	YDR086C
P35180	TOM20	YGR082W
P35181	APS1	YLR170C
P35182	PTC1	YDL006W
P35183	AST1	YBL069W
P35184	SQT1	YIR012W
P35189	TAF14	YPL129W
P35191	MDJ1	YFL016C
P35192	MAC1	YMR021C
P35196	RER2	YBR002C
P35197	GCS1	YDL226C
P35202	THI80	YOR143C
P35206	CSG2	YBR036C
P35207	SKI2	YLR398C
P35210	SPT23	YKL020C
P35688	LRG1	YDL240W
P35691	TMA19	YKL056C
P35718	RPC25	YKL144C
P35719	MRP8	YKL142W
P35723	YET1	YKL065C
P35724	MNR2	YKL064W
P35725	YKL063C	YKL063C
P35728	MPE1	YKL059C
P35729	NUP120	YKL057C
P35732	DEF1	YKL054C
P35735	SFK1	YKL051W
P35817	BDF1	YLR399C
P35844	KES1	YPL145C
P35845	SWH1	YAR042W
P35996	MRPL38	YKL170W
P35997	RPS27A	YKL156W
P35999	OCT1	YKL134C
P36000	APL2	YKL135C
P36004	KKQ8	YKL168C
P36006	MYO3	YKL129C
P36007	SRY1	YKL218C
P36008	TEF4	YKL081W
P36010	YNK1	YKL067W
P36012	CSE4	YKL049C
P36013	MAE1	YKL029C
P36015	YKT6	YKL196C
P36016	LHS1	YKL073W
P36017	VPS21	YOR089C
P36018	YPT52	YKR014C
P36029	TPO5	YKL174C
P36035	JEN1	YKL217W
P36036	YRA2	YKL214C
P36037	DOA1	YKL213C
P36040	ADD66	YKL206C
P36041	EAP1	YKL204W
P36044	MNN4	YKL201C
P36046	MIA40	YKL195W
P36047	SDS22	YKL193C
P36048	SNU114	YKL173W
P36049	EBP2	YKL172W
P36053	ELF1	YKL160W
P36054	RCN1	YKL159C
P36056	RSM22	YKL155C
P36057	SRP102	YKL154W
P36059	YKL151C	YKL151C
P36060	MCR1	YKL150W
P36062	AVT3	YKL146W
P36064	CMC1	YKL137W
P36076	CAB3	YKL088W
P36080	RRP14	YKL082C
P36081	YKL077W	YKL077W
P36088	YKL069W	YKL069W
P36091	DCW1	YKL046C
P36093	PHD1	YKL043W
P36094	SPC42	YKL042W
P36095	VPS24	YKL041W
P36096	TUL1	YKL034W
P36097	TTI1	YKL033W
P36100	TFA1	YKL028W
P36101	TCD2	YKL027W
P36102	PAN3	YKL025C
P36103	YKL023W	YKL023W
P36105	RPL14A	YKL006W
P36106	BYE1	YKL005C
P36108	DID4	YKL002W
P36110	PRY2	YKR013W
P36112	MIC60	YKR016W
P36114	YKR018C	YKR018C
P36116	VPS51	YKR020W
P36117	ALY1	YKR021W
P36122	BCH2	YKR027W
P36123	SAP190	YKR028W
P36124	SET3	YKR029C
P36126	SPO14	YKR031C
P36130	CAF4	YKR036C
P36131	SPC34	YKR037C
P36132	KAE1	YKR038C
P36136	SHB17	YKR043C
P36139	PET10	YKR046C
P36141	FMP46	YKR049C
P36144	UTP30	YKR060W
P36145	TFA2	YKR062W
P36146	LAS1	YKR063C
P36147	PAM17	YKR065C
P36148	GPT2	YKR067W
P36149	BET3	YKR068C
P36150	MET1	YKR069W
P36152	DRE2	YKR071C
P36154	AIM29	YKR074W
P36156	ECM4	YKR076W
P36158	YKR078W	YKR078W
P36160	RPF2	YKR081C
P36161	NUP133	YKR082W
P36162	DAD2	YKR083C
P36164	TVP38	YKR088C
P36168	ESL2	YKR096W
P36224	JNM1	YMR294W
P36421	TYS1	YGR185C
P36516	MRPL3	YMR024W
P36517	MRPL4	YLR439W
P36520	MRPL10	YNL284C
P36521	MRPL11	YDL202W
P36523	MRPL15	YLR312W-A
P36525	MRPL24	YMR193W
P36526	MRPL27	YBR282W
P36527	MRPL28	YDR462W
P36528	MRPL17	YNL252C
P36531	MRPL36	YBR122C
P36533	MRPL39	YML009C
P36534	MRPL40	YPL173W
P36775	PIM1	YBL022C
P36973	APT2	YDR441C
P37012	PGM2	YMR105C
P37020	GEF1	YJR040W
P37254	ABZ1	YNR033W
P37262	SOL2	YCR073W-A
P37263	YCR087C-A	YCR087C-A
P37267	CBP4	YGR174C
P37291	SHM2	YLR058C
P37292	SHM1	YBR263W
P37293	NAT2	YGR147C
P37296	STV1	YMR054W
P37297	STT4	YLR305C
P37298	SDH4	YDR178W
P37299	QCR10	YHR001W-A
P37302	APE3	YBR286W
P37303	GLY1	YEL046C
P37304	PAM1	YDR251W
P37366	CCL1	YPR025C
P37838	NOP4	YPL043W
P37898	AAP1	YHR047C
P38009	ADE17	YMR120C
P38011	ASC1	YMR116C
P38013	AHP1	YLR109W
P38041	BOI1	YBL085W
P38061	RPL32	YBL092W
P38064	MRPL16	YBL038W
P38065	APL3	YBL037W
P38066	RIB1	YBL033C
P38067	UGA2	YBR006W
P38069	MNN2	YBR015C
P38070	YPK3	YBR028C
P38071	ETR1	YBR026C
P38072	SCO2	YBR024W
P38074	HMT1	YBR034C
P38075	PDX3	YBR035C
P38077	ATP3	YBR039W
P38080	AKL1	YBR059C
P38081	YBR056W	YBR056W
P38084	BAP2	YBR068C
P38086	RDH54	YBR073W
P38088	GRS1	YBR121C
P38089	PTC4	YBR125C
P38113	ADH5	YBR145W
P38114	TBS1	YBR150C
P38115	ARA1	YBR149W
P38116	ARL1	YBR164C
P38120	MRPS9	YBR146W
P38122	ECM31	YBR176W
P38127	RIM2	YBR192W
P38129	TAF5	YBR198C
P38130	KTR3	YBR205W
P38131	KTR4	YBR199W
P38132	MCM7	YBR202W
P38137	PCS60	YBR222C
P38138	ROT2	YBR229C
P38142	YBR241C	YBR241C
P38144	ISW1	YBR245C
P38145	RIB5	YBR256C
P38147	CHK1	YBR274W
P38148	PPS1	YBR276C
P38149	DUG2	YBR281C
P38151	PBP2	YBR233W
P38152	CTP1	YBR291C
P38153	APM3	YBR288C
P38158	MAL32	YBR299W
P38162	MIX23	YBL107C
P38164	SEA4	YBL104C
P38166	SFT2	YBL102W
P38167	ECM21	YBL101C
P38169	BNA4	YBL098W
P38174	MAP2	YBL091C
P38175	MRP21	YBL090W
P38176	AVT5	YBL089W
P38179	ALG3	YBL082C
P38181	NUP170	YBL079W
P38187	UBP13	YBL067C
P38193	PSY4	YBL046W
P38197	YBL036C	YBL036C
P38198	STU1	YBL034C
P38199	HEK2	YBL032W
P38203	LSM2	YBL026W
P38205	NCL1	YBL024W
P38207	APN2	YBL019W
P38217	KAP104	YBR017C
P38218	POA1	YBR022W
P38219	OLA1	YBR025C
P38221	CDS1	YBR029C
P38225	FAT1	YBR041W
P38226	CST26	YBR042C
P38227	QDR3	YBR043C
P38228	TCM62	YBR044C
P38230	ZTA1	YBR046C
P38234	RFS1	YBR052C
P38235	YBR053C	YBR053C
P38237	UBP14	YBR058C
P38241	ECM2	YBR065C
P38242	ALG14	YBR070C
P38244	PFF1	YBR074W
P38248	ECM33	YBR078W
P38249	RPG1	YBR079C
P38250	IST2	YBR086C
P38251	RFC5	YBR087W
P38254	PBY1	YBR094W
P38255	RXT2	YBR095C
P38256	YBR096W	YBR096W
P38260	FES1	YBR101C
P38261	EXO84	YBR102C
P38262	SIF2	YBR103W
P38264	PHO88	YBR106W
P38271	OPY1	YBR129C
P38272	SHE3	YBR130C
P38273	CCZ1	YBR131W
P38274	HSL7	YBR133C
P38276	YBR137W	YBR137W
P38281	APD1	YBR151W
P38283	SLI15	YBR156C
P38285	AMN1	YBR158W
P38286	IFA38	YBR159W
P38291	POP7	YBR167C
P38295	EHT1	YBR177C
P38297	FZO1	YBR179C
P38302	NTC20	YBR188C
P38305	AIM4	YBR194W
P38310	FTH1	YBR207W
P38313	AME1	YBR211C
P38314	SDS24	YBR214W
P38323	MCX1	YBR227C
P38325	OM14	YBR230C
P38326	SWC5	YBR231C
P38328	ARC40	YBR234C
P38329	VHC1	YBR235W
P38332	RRT2	YBR246W
P38333	ENP1	YBR247C
P38335	MTC4	YBR255W
P38337	SHG1	YBR258C
P38339	RGD1	YBR260C
P38340	TAE1	YBR261C
P38341	MIC12	YBR262C
P38342	TSC10	YBR265W
P38344	REI1	YBR267W
P38348	HSM3	YBR272C
P38349	UBX7	YBR273C
P38351	PAF1	YBR279W
P38353	SSH1	YBR283C
P38355	YBR287W	YBR287W
P38359	SUL1	YBR294W
P38426	TPS3	YMR261C
P38427	TSL1	YML100W
P38429	SAP30	YMR263W
P38430	YMR262W	YMR262W
P38431	TIF5	YPR041W
P38439	LEO1	YOR123C
P38523	MGE1	YOR232W
P38555	YPT31	YER031C
P38604	ERG7	YHR072W
P38620	PRS2	YER099C
P38623	RCK2	YLR248W
P38624	PRE3	YJL001W
P38626	CBR1	YIL043C
P38627	URA8	YJR103W
P38628	PCM1	YEL058W
P38629	RFC3	YNL290W
P38630	RFC1	YOR217W
P38631	FKS1	YLR342W
P38635	HIS2	YFR025C
P38682	GLO3	YER122C
P38687	SRP68	YPL243W
P38688	SRP72	YPL210C
P38689	PRS3	YHL011C
P38691	KSP1	YHR082C
P38692	KIC1	YHR102W
P38694	MSC7	YHR039C
P38698	PPX1	YHR201C
P38699	STB5	YHR178W
P38701	RPS20	YHL015W
P38702	LEU5	YHR002W
P38703	LAG1	YHL003C
P38705	DIA4	YHR011W
P38707	DED81	YHR019C
P38708	YHR020W	YHR020W
P38710	INM1	YHR046C
P38713	OSH3	YHR073W
P38714	MSR1	YHR091C
P38715	GRE3	YHR104W
P38716	YHR112C	YHR112C
P38717	SIP3	YNL257C
P38719	DBP8	YHR169W
P38720	GND1	YHR183W
P38732	EFM1	YHL039W
P38736	GOS1	YHL031C
P38737	ECM29	YHL030W
P38738	OCA5	YHL029C
P38741	RIM4	YHL024W
P38742	NPR3	YHL023C
P38749	YAP3	YHL009C
P38753	HSE1	YHL002W
P38754	RPL14B	YHL001W
P38755	OSH7	YHR001W
P38756	TCD1	YHR003C
P38758	TDA3	YHR009C
P38759	VPS29	YHR012W
P38764	RPN1	YHR027C
P38765	YHI9	YHR029C
P38768	PIH1	YHR034C
P38771	RRF1	YHR038W
P38775	YHR045W	YHR045W
P38777	FSH1	YHR049W
P38779	CIC1	YHR052W
P38781	RSC30	YHR056C
P38784	VMA22	YHR060W
P38786	RPP1	YHR062C
P38787	PAN5	YHR063C
P38788	SSZ1	YHR064C
P38791	DYS1	YHR068W
P38792	RRP4	YHR069C
P38795	QNS1	YHR074W
P38797	PTC7	YHR076W
P38798	NMD2	YHR077C
P38800	LAM4	YHR080C
P38809	YHR097C	YHR097C
P38810	SFB3	YHR098C
P38813	BIG1	YHR101C
P38814	SBE22	YHR103W
P38815	YPT35	YHR105W
P38816	TRR2	YHR106W
P38817	GGA2	YHR108W
P38820	UBA4	YHR111W
P38821	APE4	YHR113W
P38822	BZZ1	YHR114W
P38823	DMA1	YHR115C
P38824	COX23	YHR116W
P38825	TOM71	YHR117W
P38826	ORC6	YHR118C
P38827	SET1	YHR119W
P38828	LSM12	YHR121W
P38829	YHR122W	YHR122W
P38833	YHR127W	YHR127W
P38836	ECM14	YHR132C
P38837	NSG1	YHR133C
P38841	YHR138C	YHR138C
P38845	CRP1	YHR146W
P38848	PEX28	YHR150W
P38850	RTT107	YHR154W
P38851	LAM1	YHR155W
P38853	KEL1	YHR158C
P38856	YAP1801	YHR161C
P38858	SOL3	YHR163W
P38861	NMD3	YHR170W
P38862	ATG7	YHR171W
P38866	FMO1	YHR176W
P38869	SVP26	YHR181W
P38870	YHR182W	YHR182W
P38874	IKI1	YHR187W
P38875	GPI16	YHR188C
P38878	LNP1	YHR192W
P38880	MDM31	YHR194W
P38881	NVJ1	YHR195W
P38884	AIM18	YHR198C
P38886	RPN10	YHR200W
P38887	YHR202W	YHR202W
P38888	MNL1	YHR204W
P38889	SKN7	YHR206W
P38890	SET5	YHR207C
P38891	BAT1	YHR208W
P38892	CRG1	YHR209W
P38902	RPB11	YOL005C
P38903	RTS1	YOR014W
P38904	SPP41	YDR464W
P38910	HSP10	YOR020C
P38911	FPR3	YML074C
P38912	TIF11	YMR260C
P38913	FAD1	YDL045C
P38915	SPT8	YLR055C
P38920	MLH1	YMR167W
P38921	PET8	YNL003C
P38922	HRB1	YNL004W
P38925	SMF1	YOL122C
P38929	PMC1	YGL006W
P38930	CKB2	YOR039W
P38932	VPS45	YGL095C
P38934	BFR1	YOR198C
P38953	RAD55	YDR076W
P38959	VPS41	YDR080W
P38961	RRP8	YDR083W
P38962	TVP23	YDR084C
P38966	YDR089W	YDR089W
P38968	SEC31	YDL195W
P38969	PNT1	YOR266W
P38970	HAL5	YJL165C
P38972	ADE6	YGR061C
P38985	SRP14	YDL092W
P38986	ASP1	YDR321W
P38988	GGC1	YDL198C
P38989	SMC2	YFR031C
P38993	FET3	YMR058W
P38994	MSS4	YDR208W
P38995	CCC2	YDR270W
P38996	NAB3	YPL190C
P38998	LYS1	YIR034C
P38999	LYS9	YNR050C
P39003	HXT6	YDR343C
P39006	PSD1	YNL169C
P39007	STT3	YGL022W
P39008	POP2	YNR052C
P39009	DUN1	YDL101C
P39010	AKR1	YDR264C
P39011	BEM4	YPL161C
P39012	GAA1	YLR088W
P39013	END3	YNL084C
P39015	STM1	YLR150W
P39016	MPT5	YGL178W
P39073	SSN3	YPL042C
P39076	CCT2	YIL142W
P39077	CCT3	YJL014W
P39078	CCT4	YDL143W
P39079	CCT6	YDR188W
P39081	PCF11	YDR228C
P39083	RGA1	YOR127W
P39101	CAJ1	YER048C
P39103	COX14	YML129C
P39104	PIK1	YNL267W
P39105	PLB1	YMR008C
P39106	MNN1	YER001W
P39107	MNN9	YPL050C
P39109	YCF1	YDR135C
P39110	CIN4	YMR138W
P39112	DSS1	YMR287C
P39515	TIM17	YJL143W
P39516	RPS14B	YJL191W
P39517	DHH1	YDL160C
P39518	FAA2	YER015W
P39521	FHL1	YPR104C
P39522	ILV3	YJR016C
P39524	DRS2	YAL026C
P39525	CEM1	YER061C
P39529	YJL206C	YJL206C
P39531	RCY1	YJL204C
P39533	ACO2	YJL200C
P39538	UBP12	YJL197W
P39540	ELO1	YJL196C
P39676	YHB1	YGR234W
P39677	MEF2	YJL102W
P39678	MBP1	YDL056W
P39683	NPT1	YOR209C
P39685	POM152	YMR129W
P39692	MET10	YFR030W
P39702	VPS8	YAL002W
P39704	ERP2	YAL007C
P39705	NUP60	YAR002W
P39707	SEN34	YAR008W
P39708	GDH3	YAL062W
P39713	BDH2	YAL061W
P39714	BDH1	YAL060W
P39715	ECM1	YAL059W
P39718	PEX22	YAL055W
P39719	FLC2	YAL053W
P39720	OAF1	YAL051W
P39721	AIM2	YAL049C
P39722	GEM1	YAL048C
P39723	SPC72	YAL047C
P39727	ERV46	YAL042W
P39729	RBG1	YAL036C
P39730	FUN12	YAL035W
P39731	MTW1	YAL034W-A
P39732	GIP4	YAL031C
P39742	SEC72	YLR292C
P39743	RVS167	YDR388W
P39744	NOC2	YOR206W
P39904	VPS52	YDR484W
P39923	NPR2	YEL062W
P39925	AFG3	YER017C
P39926	SSO2	YMR183C
P39927	PTI1	YGR156W
P39929	SNF7	YLR025W
P39931	SSP120	YLR250W
P39935	TIF4631	YGR162W
P39936	TIF4632	YGL049C
P39938	RPS26A	YGL189C
P39940	RSP5	YER125W
P39944	UBP5	YER144C
P39945	AST2	YER101C
P39952	OXA1	YER154W
P39953	YEA6	YEL006W
P39954	SAH1	YER043C
P39955	SAP1	YER047C
P39956	RPH1	YER169W
P39958	GDI1	YER136W
P39960	BEM2	YER155C
P39965	AIM10	YER087W
P39966	PTC2	YER089C
P39968	VAC8	YEL013W
P39969	BOI2	YER114C
P39976	DLD3	YEL071W
P39979	HPA3	YEL066W
P39984	HAT2	YEL056W
P39986	SPF1	YEL031W
P39988	BUD16	YEL029C
P39994	YEL020C	YEL020C
P39998	EDC3	YEL015W
P40005	GIM4	YEL003W
P40007	NOP16	YER002W
P40008	FMP52	YER004W
P40009	YND1	YER005W
P40011	YER010C	YER010C
P40012	HEM14	YER014W
P40014	SPC25	YER018C
P40015	ISC1	YER019W
P40016	RPN3	YER021W
P40017	YAT2	YER024W
P40018	SMB1	YER029C
P40019	CHZ1	YER030W
P40024	ARB1	YER036C
P40029	MXR1	YER042W
P40030	ERG28	YER044C
P40032	TPA1	YER049W
P40034	JHD1	YER051W
P40035	PIC2	YER053C
P40037	HMF1	YER057C
P40038	PCL6	YER059W
P40040	THO1	YER063W
P40047	ALD5	YER073W
P40048	PTP3	YER075C
P40050	MRX1	YER077C
P40051	ICP55	YER078C
P40053	AIM9	YER080W
P40055	UTP7	YER082C
P40056	GET2	YER083C
P40061	TSC11	YER093C
P40064	NUP157	YER105C
P40069	KAP123	YER110C
P40070	LSM4	YER112W
P40074	AVT6	YER119C
P40075	SCS2	YER120W
P40078	NSA2	YER126C
P40080	VFA1	YER128W
P40081	YER134C	YER134C
P40084	RTR1	YER139C
P40086	COX15	YER141W
P40087	DDI1	YER143W
P40089	LSM5	YER146W
P40090	SCC4	YER147C
P40093	YER156C	YER156C
P40094	COG3	YER157W
P40095	YER158C	YER158C
P40096	BUR6	YER159C
P40098	FMP10	YER182W
P40106	GPP2	YER062C
P40107	VRG4	YGL225W
P40150	SSB2	YNL209W
P40151	MGS1	YNL218W
P40154	IES2	YNL215W
P40156	RRG9	YNL213C
P40157	VID27	YNL212W
P40159	YNL208W	YNL208W
P40160	RIO2	YNL207W
P40161	RTT106	YNL206C
P40185	MMF1	YIL051C
P40186	PCL7	YIL050W
P40187	PIG2	YIL045W
P40202	CCS1	YMR038C
P40204	SMX2	YFL017W-A
P40206	JLP2	YMR132C
P40207	YMR134W	YMR134W
P40208	GID8	YMR135C
P40210	SIP5	YMR140W
P40212	RPL13B	YMR142C
P40215	NDE1	YMR145C
P40217	TIF34	YMR146C
P40302	PRE5	YMR314W
P40303	PRE6	YOL038W
P40308	TGL3	YMR313C
P40309	KHA1	YJL094C
P40312	CYB5	YNL111C
P40317	SOK1	YDR006C
P40318	SSM4	YIL030C
P40319	ELO3	YLR372W
P40327	RPT2	YDL007W
P40328	YTA6	YPL074W
P40335	PEP8	YJL053W
P40339	RFC4	YOL094C
P40340	YTA7	YGR270W
P40341	YTA12	YMR089C
P40343	VPS27	YNR006W
P40344	ATG3	YNR007C
P40348	RFC2	YJR068W
P40350	ALG5	YPL227C
P40351	ALG8	YOR067C
P40352	RAD26	YJR035W
P40354	NTA1	YJR062C
P40356	PGD1	YGL025C
P40357	SEC9	YGR009C
P40358	JEM1	YJL073W
P40360	ARG2	YJL071W
P40361	YJL070C	YJL070C
P40364	MPM1	YJL066C
P40368	NUP82	YJL061W
P40395	RIC1	YLR039C
P40413	CCT5	YJR064W
P40414	TPM2	YIL138C
P40416	ATM1	YMR301C
P40422	RPC10	YHR143W-A
P40433	PFK26	YIL107C
P40452	COA1	YIL157C
P40457	MLP2	YIL149C
P40458	ATG32	YIL146C
P40460	NDC80	YIL144W
P40462	TMA108	YIL137C
P40465	CSM2	YIL132C
P40466	FKH1	YIL131C
P40467	ASG1	YIL130W
P40469	MET18	YIL128W
P40471	AYR1	YIL124W
P40477	NUP159	YIL115C
P40478	POR2	YIL114C
P40480	HOS4	YIL112W
P40482	SEC24	YIL109C
P40483	YIL108W	YIL108W
P40485	SLM1	YIL105C
P40491	FMC1	YIL098C
P40492	FYV10	YIL097W
P40495	LYS12	YIL094C
P40496	RSM25	YIL093C
P40499	ICE2	YIL090W
P40501	AVT7	YIL088C
P40502	AIM19	YIL087C
P40505	SDS3	YIL084C
P40506	CAB2	YIL083C
P40508	YIL077C	YIL077C
P40509	SEC28	YIL076W
P40510	SER33	YIL074C
P40512	PCI8	YIL071C
P40513	MAM33	YIL070C
P40515	FIS1	YIL065C
P40518	ARC15	YIL062C
P40522	VHR1	YIL056W
P40523	YIL055C	YIL055C
P40525	RPL34B	YIL052C
P40527	NEO1	YIL048W
P40528	SYG1	YIL047C
P40529	AGE2	YIL044C
P40530	PKP1	YIL042C
P40531	GVP36	YIL041W
P40533	TED1	YIL039W
P40535	CST6	YIL036W
P40537	ULP2	YIL031W
P40540	EMC5	YIL027C
P40541	IRR1	YIL026C
P40547	VID28	YIL017C
P40548	SNL1	YIL016W
P40549	MNT3	YIL014W
P40553	DOT5	YIL010W
P40555	NAS2	YIL007C
P40556	YIA6	YIL006W
P40557	EPS1	YIL005W
P40558	CFD1	YIL003W
P40559	INP51	YIL002C
P40560	YIL001W	YIL001W
P40562	MPH1	YIR002C
P40563	AIM21	YIR003W
P40564	DJP1	YIR004W
P40568	DSN1	YIR010W
P40579	YIR035C	YIR035C
P40580	IRC24	YIR036C
P40581	HYR1	YIR037W
P40582	GTT1	YIR038C
P40693	RLP7	YNL002C
P40825	ALA1	YOR335C
P40850	MKT1	YNL085W
P40851	AXL1	YPR122W
P40856	SAP185	YJL098W
P40857	PHS1	YJL097W
P40893	REE1	YJL217W
P40896	YJL213W	YJL213W
P40957	MAD1	YGL086W
P40959	MVP1	YMR004W
P40961	PHB1	YGR132C
P40970	LCB2	YDR062W
P40971	LYS14	YDR034C
P40986	CDC1	YDR182W
P40989	GSC2	YGR032W
P40990	MSS2	YDL107W
P40991	NOP2	YNL061W
P41056	RPL33B	YOR234C
P41057	RPS29A	YLR388W
P41058	RPS29B	YDL061C
P41277	GPP1	YIL053W
P41338	ERG10	YPL028W
P41696	AZF1	YOR113W
P41697	BUD6	YLR319C
P41733	GAB1	YLR459W
P41734	IAH1	YOR126C
P41800	MMM1	YLL006W
P41805	RPL10	YLR075W
P41807	VMA13	YPR036W
P41810	SEC26	YDR238C
P41811	SEC27	YGL137W
P41812	POP1	YNL221C
P41813	FKH2	YNL068C
P41816	OYE3	YPL171C
P41818	GLC8	YMR311C
P41819	DIM1	YPL266W
P41832	BNI1	YNL271C
P41895	TFG1	YGR186W
P41896	TFG2	YGR005C
P41903	TES1	YJR019C
P41909	PXA1	YPL147W
P41910	MAF1	YDR005C
P41911	GPD2	YOL059W
P41913	GDS1	YOR355W
P41920	YRB1	YDR002W
P41921	GLR1	YPL091W
P41930	SSU1	YPL092W
P41939	IDP2	YLR174W
P41940	PSA1	YDL055C
P41948	MEP2	YNL142W
P42073	REF2	YDR195W
P42826	XKS1	YGR194C
P42838	LEM3	YNL323W
P42840	YNL320W	YNL320W
P42843	SKP2	YNL311C
P42845	STB1	YNL309W
P42846	KRI1	YNL308C
P42847	MRPS18	YNL306W
P42900	SLS1	YLR139C
P42934	PMT6	YGR199W
P42935	ELP2	YGR200C
P42937	YCH1	YGR203W
P42938	TDA10	YGR205W
P42939	MVB12	YGR206W
P42940	CIR1	YGR207C
P42941	SER2	YGR208W
P42942	YGR210C	YGR210C
P42943	CCT7	YJL111W
P42949	PAM16	YJL104W
P42951	LSB6	YJL100W
P43123	QRI1	YDL103C
P43124	NSE4	YDL105W
P43535	GCN20	YFR009W
P43545	SNZ3	YFL059W
P43549	YFL054C	YFL054C
P43554	SWP82	YFL049W
P43555	EMP47	YFL048C
P43556	RGD2	YFL047W
P43557	FMP32	YFL046W
P43560	LAM5	YFL042C
P43561	FET5	YFL041W
P43564	YFL034W	YFL034W
P43565	RIM15	YFL033C
P43567	AGX1	YFL030W
P43568	CAK1	YFL029C
P43569	CAF16	YFL028C
P43570	GYP8	YFL027C
P43572	EPL1	YFL024C
P43577	GNA1	YFL017C
P43579	IES1	YFL013C
P43583	BLM10	YFL007W
P43585	VTC2	YFL004W
P43586	LOC1	YFR001W
P43587	YPI1	YFR003C
P43588	RPN11	YFR004W
P43589	SAD1	YFR005C
P43590	YFR006W	YFR006W
P43591	YFH7	YFR007W
P43593	UBP6	YFR010W
P43594	MIC19	YFR011C
P43596	IOC3	YFR013W
P43597	YFR016C	YFR016C
P43601	ATG18	YFR021W
P43603	LSB3	YFR024C-A
P43606	PTR3	YFR029W
P43609	RSC8	YFR037C
P43610	IRC5	YFR038W
P43611	OSW7	YFR039C
P43612	SAP155	YFR040W
P43613	ERJ5	YFR041C
P43616	DUG1	YFR044C
P43617	YFR045W	YFR045W
P43619	BNA6	YFR047C
P43621	RET2	YFR051C
P43633	ALK1	YGL021W
P43634	CHA4	YLR098C
P43636	ALG2	YGL065C
P43638	MHP1	YJL042W
P43639	CKB1	YGL019W
P43682	SFT1	YKL006C-A
P46151	MET12	YPL023C
P46367	ALD4	YOR374W
P46655	GUS1	YGL245W
P46671	FAR3	YMR052W
P46672	ARC1	YGL105W
P46673	NUP85	YJR042W
P46674	SAC3	YDR159W
P46675	STU2	YLR045C
P46676	SUM1	YDR310C
P46677	TAF1	YGR274C
P46678	BDP1	YNL039W
P46681	DLD2	YDL178W
P46682	APL6	YGR261C
P46683	YAR1	YPL239W
P46784	RPS10B	YMR230W
P46943	GUF1	YLR289W
P46944	TRS85	YDR108W
P46947	BUD13	YGL174W
P46948	SKI6	YGR195W
P46951	YPP1	YGR198W
P46956	PHO86	YJL117W
P46958	IDS2	YJL146W
P46959	GCD14	YJL125C
P46962	CTK2	YJL006C
P46963	CTK3	YML112W
P46964	OST2	YOR103C
P46969	RPE1	YJL121C
P46970	NMD5	YJR132W
P46971	PMT4	YJR143C
P46973	HIT1	YJR055W
P46982	MNN5	YJL186W
P46984	GON7	YJL184W
P46985	MNN11	YJL183W
P46988	PFD1	YJL179W
P46989	ATG27	YJL178C
P46990	RPL17B	YJL177W
P46992	YJL171C	YJL171C
P46995	SET2	YJL168C
P47001	CIS3	YJL158C
P47005	DAS1	YJL149W
P47006	RPA34	YJL148W
P47007	MRX5	YJL147C
P47008	SFH5	YJL145W
P47011	GLG2	YJL137C
P47015	AIM23	YJL131C
P47016	NIT2	YJL126W
P47018	MTC1	YJL123C
P47025	MDV1	YJL112W
P47027	DPB11	YJL090C
P47031	IML2	YJL082W
P47035	NET1	YJL076W
P47037	SMC3	YJL074C
P47039	BNA3	YJL060W
P47042	IKS1	YJL057C
P47044	YJL055W	YJL055W
P47045	TIM54	YJL054W
P47048	YJL049W	YJL049W
P47050	RTT101	YJL047C
P47051	AIM22	YJL046W
P47057	SNX4	YJL036W
P47061	VPS53	YJL029C
P47064	APS3	YJL024C
P47068	BBC1	YJL020C
P47069	MPS3	YJL019W
P47074	MAD3	YJL013C
P47075	VTC4	YJL012C
P47076	RPC17	YJL011C
P47077	NOP9	YJL010C
P47079	CCT8	YJL008C
P47082	AVT1	YJR001W
P47083	MPP10	YJR002W
P47084	MRX12	YJR003C
P47085	YJR008W	YJR008W
P47086	YJR011C	YJR011C
P47089	TMA22	YJR014W
P47095	MDE1	YJR024C
P47096	BNA1	YJR025C
P47103	CPR7	YJR032W
P47104	RAV1	YJR033C
P47111	VPS55	YJR044C
P47112	TAH11	YJR046W
P47116	PTK2	YJR059W
P47117	ARP3	YJR065C
P47119	HAM1	YJR069C
P47120	LIA1	YJR070C
P47122	NPA3	YJR072C
P47123	MOG1	YJR074W
P47124	HOC1	YJR075W
P47125	BNA2	YJR078W
P47127	AIM24	YJR080C
P47129	ACF4	YJR083C
P47130	CSN12	YJR084W
P47133	EMC2	YJR088C
P47135	JSN1	YJR091C
P47136	BUD4	YJR092W
P47137	YJR096W	YJR096W
P47138	JJJ3	YJR097W
P47139	YJR098C	YJR098C
P47142	VPS25	YJR102C
P47143	ADO1	YJR105W
P47147	YMR1	YJR110W
P47148	YJR111C	YJR111C
P47149	NNF1	YJR112W
P47150	RSM7	YJR113C
P47154	STE24	YJR117W
P47156	JHD2	YJR119C
P47158	IBA57	YJR122W
P47160	ENT3	YJR125C
P47164	STR2	YJR130C
P47165	XPT1	YJR133W
P47166	SGM1	YJR134C
P47167	MCM22	YJR135C
P47169	MET5	YJR137C
P47170	IML1	YJR138W
P47173	YJR142W	YJR142W
P47176	BAT2	YJR148W
P47190	PMT3	YOR321W
P47771	ALD2	YMR170C
P47818	CCC1	YLR220W
P47912	FAA4	YMR246W
P48015	GCV1	YDR019C
P48164	RPS7B	YNL096C
P48231	TCB2	YNL087W
P48232	SNN1	YNL086W
P48236	YGR149W	YGR149W
P48237	CCM1	YGR150C
P48239	GTO1	YGR154C
P48353	HLJ1	YMR161W
P48361	ASK10	YGR097W
P48362	HGH1	YGR187C
P48363	PAC10	YGR078C
P48365	GYP7	YDL234C
P48412	UPF3	YGR072W
P48415	SEC16	YPL085W
P48439	OST3	YOR085W
P48510	DSK2	YMR276W
P48524	BUL1	YMR275C
P48525	MSE1	YOL033W
P48526	ISM1	YPL040C
P48527	MSY1	YPL097W
P48558	BXI1	YNL305C
P48563	MON2	YNL297C
P48566	MSB3	YNL293W
P48567	PUS4	YNL292W
P48569	YDL183C	YDL183C
P48570	LYS20	YDL182W
P48582	BRO1	YPL084W
P48589	RPS12	YOR369C
P48606	RBL2	YOR265W
P48837	NUP57	YGR119C
P49017	COQ5	YML110C
P49089	ASN1	YPR145W
P49090	ASN2	YGR124W
P49095	GCV2	YMR189W
P49166	RPL37A	YLR185W
P49167	RPL38	YLR325C
P49367	LYS4	YDR234W
P49435	APT1	YML022W
P49687	NUP145	YGL092W
P49704	PRP31	YGR091W
P49723	RNR4	YGR180C
P49775	HNT2	YDR305C
P49954	NIT3	YLR351C
P49955	HSH155	YMR288W
P49957	TRM9	YML014W
P49960	PRP24	YMR268C
P50079	HSV2	YGR223C
P50085	PHB2	YGR231C
P50086	NAS6	YGR232W
P50087	MIC26	YGR235C
P50101	UBP15	YMR304W
P50105	TAF4	YMR005W
P50107	GLO1	YML004C
P50109	PSP2	YML017W
P50110	SAM37	YMR060C
P50111	ZDS1	YMR273C
P50264	FMS1	YMR020W
P50276	MUP1	YGR055W
P50278	SOL1	YNR034W
P50623	UBC9	YDL064W
P50861	RIB4	YOL143C
P50874	ORC5	YNL261W
P50875	SPT20	YOL148C
P50942	INP52	YNL106C
P50944	AVT4	YNL101W
P50945	MIC27	YNL100W
P50946	OCA1	YNL099C
P50947	PHO23	YNL097C
P51401	RPL9B	YNL067W
P51402	RPL37B	YDR500C
P51534	SHE4	YOR035C
P51601	FOL2	YGR267C
P51862	ROM2	YLR371W
P51996	YPT32	YGL210W
P51998	YML6	YML025C
P52286	SKP1	YDR328C
P52488	UBA2	YDR390C
P52489	PYK2	YOR347C
P52490	UBC13	YDR092W
P52491	UBC12	YLR306W
P52593	NUP188	YML103C
P52871	SBH2	YER019C-A
P52891	NUP84	YDL116W
P52892	ALT2	YDR111C
P52893	ALT1	YLR089C
P52910	ACS2	YLR153C
P52917	VPS4	YPR173C
P52918	MSN5	YDR335W
P52919	NBP1	YLR457C
P52960	PIP2	YOR363C
P53008	CWH41	YGL027C
P53010	PAN2	YGL094C
P53011	SEH1	YGL100W
P53012	SCS3	YGL126W
P53037	PSD2	YGR170W
P53038	TEL2	YGR099W
P53040	TAF6	YGL112C
P53044	UFD1	YGR048W
P53045	ERG25	YGR060W
P53049	YOR1	YGR281W
P53060	RMR1	YGL250W
P53063	RAI1	YGL246C
P53064	RTF1	YGL244W
P53065	TAD1	YGL243W
P53066	YGL242C	YGL242C
P53067	KAP114	YGL241W
P53070	MTO1	YGL236C
P53072	TAN1	YGL232W
P53073	EMC4	YGL231C
P53075	SHE10	YGL228W
P53076	VID30	YGL227W
P53079	COG1	YGL223C
P53081	NIF3	YGL221C
P53083	MDM34	YGL219C
P53086	KIP3	YGL216W
P53089	YGL204C	YGL204C
P53090	ARO8	YGL202W
P53091	MCM6	YGL201C
P53093	YIP4	YGL198W
P53094	MDS3	YGL197W
P53095	DSD1	YGL196W
P53099	TPN1	YGL186C
P53100	YGL185C	YGL185C
P53101	STR3	YGL184C
P53104	ATG1	YGL180W
P53107	YRB30	YGL164C
P53110	YGL159W	YGL159W
P53112	PEX14	YGL153W
P53114	NUT1	YGL151W
P53115	INO80	YGL150C
P53119	HUL5	YGL141W
P53120	YGL140C	YGL140C
P53123	MRM2	YGL136C
P53125	ITC1	YGL133W
P53128	MET13	YGL125W
P53129	MON1	YGL124C
P53130	GPG1	YGL121C
P53133	YGL117W	YGL117W
P53134	YGL114W	YGL114W
P53136	NSA1	YGL111W
P53137	CUE3	YGL110C
P53139	YGL108C	YGL108C
P53140	RMD9	YGL107C
P53141	MLC1	YGL106W
P53144	YGL101W	YGL101W
P53145	LSG1	YGL099W
P53154	GUP1	YGL084C
P53155	YGL082W	YGL082W
P53158	KXD1	YGL079W
P53159	MPS2	YGL075C
P53164	NPY1	YGL067W
P53166	MRH4	YGL064C
P53168	DUO1	YGL061C
P53169	YBP2	YGL060W
P53171	GEP7	YGL057C
P53172	SDS23	YGL056C
P53173	ERV14	YGL054C
P53177	TYW3	YGL050W
P53184	PNC1	YGL037C
P53185	YGL036W	YGL036W
P53189	SCW11	YGL028C
P53191	PIB2	YGL023C
P53192	GET1	YGL020C
P53195	COG7	YGL005C
P53196	RPN14	YGL004C
P53198	ERP6	YGL002W
P53199	ERG26	YGL001C
P53200	EFM5	YGR001C
P53201	SWC4	YGR002C
P53202	CUL3	YGR003W
P53203	PEX31	YGR004W
P53206	YGR012W	YGR012W
P53207	SNU71	YGR013W
P53210	YGR017W	YGR017W
P53212	YGR021W	YGR021W
P53214	MTL1	YGR023W
P53215	THG1	YGR024C
P53217	YGR026W	YGR026W
P53219	IMO32	YGR031W
P53220	TIM21	YGR033C
P53221	RPL26B	YGR034W
P53230	TAM41	YGR046W
P53235	YGR054W	YGR054W
P53236	RSC1	YGR056W
P53248	PEX8	YGR077C
P53250	TWF1	YGR080W
P53252	PIL1	YGR086C
P53253	NNF2	YGR089W
P53254	UTP22	YGR090W
P53255	DRN1	YGR093W
P53256	RRP46	YGR095C
P53258	MDR1	YGR100W
P53261	NOP7	YGR103W
P53264	CLD1	YGR110W
P53265	YGR111W	YGR111W
P53266	SHY1	YGR112W
P53270	YGR117C	YGR117C
P53272	YGR122W	YGR122W
P53273	YGR125W	YGR125W
P53277	SYF2	YGR129W
P53278	YGR130C	YGR130C
P53290	GTR2	YGR163W
P53292	MRPS35	YGR165W
P53294	PUS6	YGR169C
P53295	RBG2	YGR173W
P53297	PBP1	YGR178C
P53298	OKP1	YGR179C
P53299	TIM13	YGR181W
P53301	CRH1	YGR189C
P53303	ZPR1	YGR211W
P53305	RSM27	YGR215W
P53309	YAP1802	YGR241C
P53312	LSC2	YGR244C
P53314	CPD1	YGR247W
P53316	YGR250C	YGR250C
P53317	NOP19	YGR251W
P53318	COQ6	YGR255C
P53320	MTM1	YGR257C
P53322	TNA1	YGR260W
P53323	BUD32	YGR262C
P53326	YGR266W	YGR266W
P53331	RNH70	YGR276C
P53332	CAB4	YGR277C
P53333	CWC22	YGR278W
P53334	SCW4	YGR279C
P53335	PXR1	YGR280C
P53337	ERV29	YGR284C
P53378	TUB4	YLR212C
P53438	SOK2	YMR016C
P53540	SPC98	YNL126W
P53549	RPT4	YOR259C
P53550	DCP2	YNL118C
P53551	HHO1	YPL127C
P53583	MPA43	YNL249C
P53584	YTP1	YNL237W
P53598	LSC1	YOR142W
P53599	SSK2	YNR031C
P53615	NCE103	YNL036W
P53617	NRD1	YNL251C
P53622	COP1	YDL145C
P53628	SNF12	YNR023W
P53629	ARE2	YNR019W
P53632	PAP2	YOL115W
P53633	YIP3	YNL044W
P53685	HST1	YOL068C
P53691	CPR6	YLR216C
P53720	SMM1	YNR015W
P53721	RCF2	YNR018W
P53722	ATP23	YNR020C
P53723	YNR021W	YNR021W
P53725	MPP6	YNR024W
P53729	YNR029C	YNR029C
P53730	ALG12	YNR030W
P53731	ARC35	YNR035C
P53732	MRPS12	YNR036C
P53733	RSM19	YNR037C
P53734	DBP6	YNR038W
P53735	ZRG17	YNR039C
P53738	TRM112	YNR046W
P53739	FPK1	YNR047W
P53740	YNR048W	YNR048W
P53741	BRE5	YNR051C
P53759	DUS1	YML080W
P53829	CAF40	YNL288W
P53830	CUS2	YNL286W
P53834	HCH1	YNL281W
P53836	CAF120	YNL278W
P53839	GOR1	YNL274C
P53843	IST1	YNL265C
P53844	PDR17	YNL264C
P53845	YIF1	YNL263C
P53846	YNL260C	YNL260C
P53847	DSL1	YNL258C
P53848	FOL1	YNL256W
P53849	GIS2	YNL255C
P53851	TEX1	YNL253W
P53852	YNL247W	YNL247W
P53853	VPS75	YNL246W
P53859	CSL4	YNL232W
P53860	PDR16	YNL231C
P53863	JJJ1	YNL227C
P53865	CNM67	YNL225C
P53866	SQS1	YNL224C
P53867	ATG4	YNL223W
P53868	ALG9	YNL219C
P53874	UBP10	YNL186W
P53875	MRPL19	YNL185C
P53878	YNL181W	YNL181W
P53879	RHO5	YNL180C
P53881	MRPL22	YNL177C
P53885	MDG1	YNL173C
P53889	FMP41	YNL168C
P53891	YNL165W	YNL165W
P53893	RIA1	YNL163C
P53894	CBK1	YNL161W
P53899	CUZ1	YNL155W
P53903	PGA2	YNL149C
P53913	FYV6	YNL133C
P53915	NRK1	YNL129W
P53917	FAR11	YNL127W
P53919	NAF1	YNL124W
P53920	NMA111	YNL123W
P53923	NCS2	YNL119W
P53925	YNL115C	YNL115C
P53927	NOP15	YNL110C
P53929	YNL108C	YNL108C
P53930	YAF9	YNL107W
P53935	NST1	YNL091W
P53941	IMP4	YNL075W
P53946	ARP5	YNL059C
P53951	COG5	YNL051W
P53953	SFB2	YNL049C
P53954	ALG11	YNL048W
P53955	SLM2	YNL047C
P53959	COG6	YNL041C
P53960	YNL040W	YNL040W
P53962	YNL035C	YNL035C
P53965	SIW14	YNL032W
P53969	SAM50	YNL026W
P53972	RCM1	YNL022C
P53974	ARK1	YNL020C
P53981	YNL010W	YNL010W
P54000	SUB1	YMR039C
P54003	SUR7	YML052W
P54070	KTR6	YPL053C
P54074	ASI1	YMR119W
P54113	ADE16	YLR028C
P54115	ALD6	YPL061W
P54730	UBX4	YMR067C
P54780	RPL15B	YMR121C
P54781	ERG5	YMR015C
P54783	ALO1	YML086C
P54784	ORC1	YML065W
P54787	VPS9	YML097C
P54791	ORC4	YPR162C
P54837	ERV25	YML012W
P54838	DAK1	YML070W
P54839	ERG13	YML126C
P54857	TGL2	YDR058C
P54858	DOS2	YDR068W
P54860	UFD2	YDL190C
P54861	DNM1	YLL001W
P54885	PRO2	YOR323C
P54964	REX2	YLR059C
P60010	ACT1	YFL039C
P69771	DID2	YKR035W-A
P80210	ADE12	YNL220W
P80428	ARP4	YJL081C
P80667	PEX13	YLR191W
P81449	TIM11	YDR322C-A
P81450	ATP18	YML081C-A
P87108	TIM10	YHR005C-A
P89102	SEC5	YDR166C
P89105	CTR9	YOL145C
P89886	TMA20	YER007C-A
Q00055	GPD1	YDL022W
Q00245	RHO3	YIL118W
Q00246	RHO4	YKR055W
Q00362	CDC55	YGL190C
Q00381	APS2	YJR058C
Q00402	NUM1	YDR150W
Q00416	SEN1	YLR430W
Q00578	SSL2	YIL143C
Q00582	GTR1	YML121W
Q00618	BET4	YJL031C
Q00684	CDC14	YFR028C
Q00711	SDH1	YKL148C
Q00764	TPS1	YBR126C
Q00772	SLT2	YHR030C
Q00776	APM1	YPL259C
Q00816	REG1	YDR028C
Q00873	CYT2	YKL087C
Q00916	SNP1	YIL061C
Q00955	ACC1	YNR016C
Q01159	CEG1	YGL130W
Q01163	RSM23	YGL129C
Q01217	ARG5,6	YER069W
Q01329	PTA1	YAL043C
Q01454	CTF4	YPR135W
Q01476	UBP2	YOR124C
Q01477	UBP3	YER151C
Q01519	COX12	YLR038C
Q01532	LAP3	YNL239W
Q01560	NPL3	YDR432W
Q01590	SED5	YLR026C
Q01662	MAP1	YLR244C
Q01722	GCR2	YNL199C
Q01802	AAT1	YKL106W
Q01846	MDM1	YML104C
Q01852	TIM44	YIL022W
Q01855	RPS15	YOL040C
Q01939	RPT6	YGL048C
Q02046	MTD1	YKR080W
Q02100	SKO1	YNL167C
Q02159	UBC7	YMR022W
Q02196	MET14	YKL001C
Q02197	MAK10	YEL053C
Q02201	OSH6	YKR003W
Q02204	MRPL13	YKR006C
Q02206	RSC4	YKR008W
Q02260	SMD1	YGR074W
Q02326	RPL6A	YML073C
Q02455	MLP1	YKR095W
Q02457	TBF1	YPL128C
Q02486	ABF2	YMR072W
Q02516	HAP5	YOR358W
Q02554	CUS1	YMR240C
Q02608	MRPS16	YPL013C
Q02630	NUP116	YMR047C
Q02642	EGD1	YPL037C
Q02647	DYN2	YDR424C
Q02685	RMI1	YPL024W
Q02724	ULP1	YPL020C
Q02725	VTC3	YPL019C
Q02753	RPL21A	YBR191W
Q02754	YPL067C	YPL067C
Q02767	VPS28	YPL065W
Q02770	CWC27	YPL064C
Q02772	PET191	YJR034W
Q02773	RPM2	YML091C
Q02774	SHR3	YDL212W
Q02776	TIM50	YPL063W
Q02784	GRX5	YPL059W
Q02792	RAT1	YOR048C
Q02793	SKI8	YGL213C
Q02795	SWP1	YMR149W
Q02796	LGE1	YPL055C
Q02804	ARL3	YPL051W
Q02805	ROD1	YOR018W
Q02821	SRP1	YNL189W
Q02863	UBP16	YPL072W
Q02866	MUK1	YPL070W
Q02875	SYH1	YPL105C
Q02883	FMP30	YPL103C
Q02884	ELP4	YPL101W
Q02887	ATG21	YPL100W
Q02890	PNG1	YPL096W
Q02932	KAP120	YPL125W
Q02933	RNY1	YPL123C
Q02939	TFB2	YPL122C
Q02948	VPS30	YPL120W
Q02950	MRP51	YPL118W
Q02959	HOS3	YPL116W
Q02969	PEX25	YPL112C
Q02979	GDE1	YPL110C
Q02981	YPL109C	YPL109C
Q03010	UME1	YPL139C
Q03012	SPP1	YPL138C
Q03016	GIP3	YPL137C
Q03028	ODC1	YPL134C
Q03048	COF1	YLL050C
Q03071	ELC1	YPL046C
Q03088	SVL3	YPL032C
Q03102	YML131W	YML131W
Q03103	ERO1	YML130C
Q03104	MSC1	YML128C
Q03124	RSC9	YML127W
Q03148	SNZ1	YMR096W
Q03151	MTG1	YMR097C
Q03153	ATP25	YMR098C
Q03161	YMR099C	YMR099C
Q03162	MUB1	YMR100W
Q03195	RLI1	YDR091C
Q03201	RSM10	YDR041W
Q03219	YMR178W	YMR178W
Q03246	MRPS17	YMR188C
Q03254	FCP1	YMR277W
Q03262	PRM15	YMR278W
Q03266	ABZ2	YMR289W
Q03280	TOM1	YDR457W
Q03281	HEH2	YDR458C
Q03289	PFA5	YDR459C
Q03305	RMT2	YDR465C
Q03306	PKH3	YDR466W
Q03308	VPS16	YPL045W
Q03322	TLG1	YDR468C
Q03323	SDC1	YDR469W
Q03327	UGO1	YDR470C
Q03330	GCN5	YGR252W
Q03337	TRS31	YDR472W
Q03338	PRP3	YDR473C
Q03361	JIP4	YDR475C
Q03362	YDR476C	YDR476C
Q03370	PEX29	YDR479C
Q03388	VPS72	YDR485C
Q03407	PKH1	YDR490C
Q03429	MZM1	YDR493W
Q03430	RSM28	YDR494W
Q03435	NHP10	YDL002C
Q03441	RMD1	YDL001W
Q03455	MSC2	YDR205W
Q03466	EBS1	YDR206W
Q03497	STE20	YHL007C
Q03503	MAK3	YPR051W
Q03516	RSN1	YMR266W
Q03557	HER2	YMR293C
Q03558	OYE2	YHR179W
Q03579	LIP1	YMR298W
Q03629	YML079W	YML079W
Q03631	WAR1	YML076C
Q03640	TCB3	YML072C
Q03648	YMR209C	YMR209C
Q03653	EFR3	YMR212C
Q03654	CEF1	YMR213W
Q03655	GAS3	YMR215W
Q03660	TRS130	YMR218C
Q03661	ESC1	YMR219W
Q03673	AIM34	YMR003W
Q03674	PLB2	YMR006C
Q03677	ADI1	YMR009W
Q03690	CLU1	YMR012W
Q03702	CCE1	YKL011C
Q03705	CGI121	YML036W
Q03707	SRC1	YML034W
Q03714	USA1	YML029W
Q03718	NSE5	YML023C
Q03722	YML020W	YML020W
Q03730	YML018C	YML018C
Q03750	TAF8	YML114C
Q03760	PML39	YML107C
Q03761	TAF12	YDR145W
Q03769	ENT5	YDR153C
Q03771	ACL4	YDR161W
Q03776	PRP42	YDR235W
Q03778	FMN1	YDR236C
Q03780	YDR239C	YDR239C
Q03782	SNU56	YDR240C
Q03786	YDR248C	YDR248C
Q03795	YMR155W	YMR155W
Q03798	AIM36	YMR157C
Q03799	MRPS8	YMR158W
Q03823	YMR160W	YMR160W
Q03833	GIS1	YDR096W
Q03834	MSH6	YDR097C
Q03835	GRX3	YDR098C
Q03860	TVP15	YDR100W
Q03899	YDR131C	YDR131C
Q03900	YDR132C	YDR132C
Q03921	DOP1	YDR141C
Q03940	RVB1	YDR190C
Q03941	CAB5	YDR196C
Q03942	RKM2	YDR198C
Q03944	VPS64	YDR200C
Q03956	RAV2	YDR202C
Q03957	CTK1	YKL139W
Q03973	HMO1	YDR174W
Q03976	RSM24	YDR175C
Q04003	SAS4	YDR181C
Q04013	YHM2	YMR241W
Q04031	RRP17	YDR412W
Q04048	SYF1	YDR416W
Q04049	RAD30	YDR419W
Q04052	ARO80	YDR421W
Q04062	RPN9	YDR427W
Q04066	BNA7	YDR428C
Q04067	TIF35	YDR429C
Q04080	GPI17	YDR434W
Q04081	PPM1	YDR435C
Q04087	LRS4	YDR439W
Q04119	PPN1	YDR452W
Q04170	YDR391C	YDR391C
Q04172	SHE9	YDR393W
Q04174	SMP3	YOR149C
Q04175	SXM1	YDR395W
Q04178	HPT1	YDR399W
Q04195	SIZ1	YDR409W
Q04199	CAC2	YML102W
Q04212	ARA2	YMR041C
Q04226	TAF11	YML015C
Q04228	UBX2	YML013W
Q04231	RAD33	YML011C
Q04233	GIS4	YML006C
Q04264	PDS5	YMR076C
Q04272	VPS20	YMR077C
Q04279	SEG1	YMR086W
Q04301	VBA1	YMR088C
Q04304	YMR090W	YMR090W
Q04307	RPC11	YDR045C
Q04311	VMS1	YDR049W
Q04322	GYL1	YMR192W
Q04336	YMR196W	YMR196W
Q04338	VTI1	YMR197C
Q04341	MIX14	YDR031W
Q04344	HNT1	YDL125C
Q04347	BUD22	YMR014W
Q04368	CSI1	YMR025W
Q04371	YMR027W	YMR027W
Q04372	TAP42	YMR028W
Q04373	PUF6	YDR496C
Q04377	LCD1	YDR499W
Q04396	LPP1	YDR503C
Q04399	GMC1	YDR506C
Q04401	SDH7	YDR511W
Q04406	EMI1	YDR512C
Q04408	YDR514C	YDR514C
Q04409	EMI2	YDR516C
Q04410	GRH1	YDR517W
Q04411	URC2	YDR520C
Q04418	RBA50	YDR527W
Q04430	CAB1	YDR531W
Q04431	KRE28	YDR532C
Q04432	HSP31	YDR533C
Q04439	MYO5	YMR109W
Q04458	HFD1	YMR110C
Q04471	YMR114C	YMR114C
Q04472	MGR3	YMR115W
Q04491	SEC13	YLR208W
Q04493	GIM5	YML094W
Q04585	YDR109C	YDR109C
Q04599	MRPL1	YDR116C
Q04600	TMA64	YDR117C
Q04601	APC4	YDR118W
Q04602	VBA4	YDR119W
Q04603	DPB4	YDR121W
Q04632	COG8	YML071C
Q04636	POB3	YML069W
Q04651	ERV41	YML067C
Q04673	SSL1	YLR005W
Q04675	SEN15	YMR059W
Q04693	RSE1	YML049C
Q04697	GSF2	YML048W
Q04728	ARG7	YMR062C
Q04739	GAL83	YER027C
Q04748	SOV1	YMR066W
Q04749	AVO2	YMR068W
Q04767	TVP18	YMR071C
Q04772	IRC21	YMR073C
Q04773	YMR074C	YMR074C
Q04779	RCO1	YMR075W
Q04792	GAD1	YMR250W
Q04835	YMR253C	YMR253C
Q04847	ROY1	YMR258C
Q04867	YMR310C	YMR310C
Q04869	YMR315W	YMR315W
Q04894	ADH6	YMR318C
Q04924	GTB1	YDR221W
Q04934	IVY1	YDR229W
Q04935	COX20	YDR231C
Q04947	RTN1	YDR233C
Q04951	SCW10	YMR305C
Q04969	SPC2	YML055W
Q04991	FMP42	YMR221C
Q05016	YMR226C	YMR226C
Q05021	TAF7	YMR227C
Q05024	TRI1	YMR233W
Q05027	TAF9	YMR236W
Q05029	BCH1	YMR237W
Q05040	FAR8	YMR029C
Q05050	EIS1	YMR031C
Q05123	ARP9	YMR033W
Q05166	ASM4	YDL088C
Q05359	ERP1	YAR002C-A
Q05468	RQC1	YDR333C
Q05471	SWR1	YDR334W
Q05506	YDR341C	YDR341C
Q05515	SVF1	YDR346C
Q05518	PAL1	YDR348C
Q05521	DPP1	YDR284C
Q05533	INM2	YDR287W
Q05541	NSE3	YDR288W
Q05543	RTT103	YDR289C
Q05549	HRQ1	YDR291W
Q05567	DPL1	YDR294C
Q05568	PEX10	YDR265W
Q05580	HEL2	YDR266C
Q05584	GLO2	YDR272W
Q05611	BSC2	YDR275W
Q05635	RNH202	YDR279W
Q05648	MRX10	YDR282C
Q05775	HCR1	YLR192C
Q05778	PBA1	YLR199C
Q05779	COQ9	YLR201C
Q05785	ENT2	YLR206W
Q05787	HRD3	YLR207W
Q05788	PNP1	YLR209C
Q05789	ATG38	YLR211C
Q05791	CDC123	YLR215C
Q05812	MSC3	YLR219W
Q05867	YLR283W	YLR283W
Q05871	ECI1	YLR284C
Q05881	YLR287C	YLR287C
Q05892	COQ11	YLR290C
Q05900	YHC1	YLR298C
Q05902	ECM38	YLR299W
Q05905	HRI1	YLR301W
Q05911	ADE13	YLR359W
Q05924	DCR2	YLR361C
Q05926	GRX8	YLR364W
Q05931	SSQ1	YLR369W
Q05933	ARC18	YLR370C
Q05934	VID22	YLR373C
Q05942	RSA3	YLR221C
Q05948	YLR225C	YLR225C
Q05958	ECM22	YLR228C
Q05979	BNA5	YLR231C
Q06001	FAR10	YLR238W
Q06005	LIP2	YLR239C
Q06010	STE23	YLR389C
Q06011	ECM19	YLR390W
Q06058	SEI1	YLR404W
Q06063	DUS4	YLR405W
Q06090	MRPL51	YPR100W
Q06096	COG4	YPR105C
Q06103	RPN7	YPR108W
Q06108	RGC1	YPR115W
Q06132	SGD1	YLR336C
Q06137	YLR345W	YLR345W
Q06142	KAP95	YLR347C
Q06143	DIC1	YLR348C
Q06146	YLR257W	YLR257W
Q06147	LCB5	YLR260W
Q06151	DCS1	YLR270W
Q06162	NKP2	YLR315W
Q06169	PEX30	YLR324W
Q06178	NMA1	YLR328W
Q06205	FPR4	YLR449W
Q06211	MMS1	YPR164W
Q06213	NUT2	YPR168W
Q06217	SMD2	YLR275W
Q06218	DBP9	YLR276C
Q06224	YSH1	YLR277C
Q06245	SEC10	YLR166C
Q06251	YLR177W	YLR177W
Q06252	YLR179C	YLR179C
Q06263	VTA1	YLR181C
Q06287	EMG1	YLR186W
Q06321	ATG26	YLR189C
Q06336	GGA1	YDR358W
Q06337	EAF1	YDR359C
Q06338	BCP1	YDR361C
Q06339	TFC6	YDR362C
Q06344	ESF1	YDR365C
Q06346	KEI1	YDR367W
Q06350	CTS2	YDR371W
Q06385	VPS74	YDR372C
Q06389	FRQ1	YDR373W
Q06405	ATP17	YDR377W
Q06407	RGA2	YDR379W
Q06409	YLR422W	YLR422W
Q06410	ATG17	YLR423C
Q06411	SPP382	YLR424W
Q06412	TUS1	YLR425W
Q06417	TDA5	YLR426W
Q06440	CRN1	YLR429W
Q06451	TPO3	YPR156C
Q06488	RSC2	YLR357W
Q06489	MRI1	YPR118W
Q06493	YLH47	YPR125W
Q06494	YPR127W	YPR127W
Q06497	ANT1	YPR128C
Q06504	NAT3	YPR131C
Q06505	SPN1	YPR133C
Q06506	RRP9	YPR137W
Q06508	LOA1	YPR139C
Q06510	TAZ1	YPR140W
Q06511	RRP15	YPR143W
Q06523	YPR148C	YPR148C
Q06525	URN1	YPR152C
Q06538	CSC1	YLR241W
Q06554	IRC20	YLR247C
Q06567	MCP2	YLR253W
Q06604	BSP1	YPR171W
Q06616	YPR174C	YPR174C
Q06623	HDA3	YPR179C
Q06624	AOS1	YPR180W
Q06625	GDB1	YPR184W
Q06629	HDA2	YDR295C
Q06630	MHR1	YDR296W
Q06639	RSC3	YDR303C
Q06644	PMT7	YDR307W
Q06651	PIB1	YDR313C
Q06668	OMS1	YDR316W
Q06671	ATG23	YLR431C
Q06677	SWA2	YDR320C
Q06678	MRPL35	YDR322W
Q06680	YCG1	YDR325W
Q06682	UBX5	YDR330W
Q06683	IRC3	YDR332W
Q06685	VIP1	YLR410W
Q06686	CTR3	YLR411W
Q06688	BER1	YLR412W
Q06696	VPS36	YLR417W
Q06697	CDC73	YLR418C
Q06698	YLR419W	YLR419W
Q06704	IMH1	YLR309C
Q06705	CSR1	YLR380W
Q06706	IKI3	YLR384C
Q06708	VAC14	YLR386W
Q06709	REH1	YLR387C
Q06817	GRS2	YPR081C
Q06820	MDM36	YPR083W
Q06833	YPR091C	YPR091C
Q06835	RDS3	YPR094W
Q06839	YPR097W	YPR097W
Q06892	POS5	YPL188W
Q06991	PUN1	YLR414C
Q07349	MRX9	YDL027C
Q07350	PRP11	YDL043C
Q07362	PBP4	YDL053C
Q07376	MCH1	YDL054C
Q07379	YDL057W	YDL057W
Q07381	TSR1	YDL060W
Q07451	YET3	YDL072C
Q07454	YDL073W	YDL073W
Q07457	BRE1	YDL074C
Q07458	RXT3	YDL076C
Q07468	VAM6	YDL077C
Q07471	THI3	YDL080C
Q07478	SUB2	YDL084W
Q07505	YDL086W	YDL086W
Q07508	LUC7	YDL087C
Q07528	ATG20	YDL113C
Q07533	CYK3	YDL117W
Q07534	HEM25	YDL119C
Q07540	YFH1	YDL120W
Q07551	YDL124W	YDL124W
Q07560	CRD1	YDL142C
Q07589	YDL144C	YDL144C
Q07622	ACK1	YDL203C
Q07623	NOP6	YDL213C
Q07657	SHS1	YDL225W
Q07660	BRE4	YDL231C
Q07688	YPD1	YDL235C
Q07716	AIM6	YDL237W
Q07794	RTT109	YLL002W
Q07821	ISA1	YLL027W
Q07825	FRA1	YLL029W
Q07830	GPI13	YLL031C
Q07834	YLL032C	YLL032C
Q07895	YLR001C	YLR001C
Q07897	CMS1	YLR003C
Q07913	NSE1	YLR007W
Q07914	PAM18	YLR008C
Q07915	RLP24	YLR009W
Q07923	LOT6	YLR011W
Q07938	MEU1	YLR017W
Q07951	IRC25	YLR021W
Q07953	SDO1	YLR022C
Q07979	RSC58	YLR033W
Q08001	LAM6	YLR072W
Q08004	BUD20	YLR074C
Q08023	FMP25	YLR077W
Q08058	COQ10	YOL008W
Q08144	TLG2	YOL018C
Q08157	YOL019W	YOL019W
Q08162	DIS3	YOL021C
Q08179	MDM38	YOL027C
Q08193	GAS5	YOL030W
Q08199	SIL1	YOL031C
Q08202	OPI10	YOL032W
Q08204	SMC5	YOL034W
Q08208	NOP12	YOL041C
Q08213	NGL1	YOL042W
Q08220	GSH2	YOL049W
Q08223	AIM39	YOL053W
Q08224	THI20	YOL055C
Q08225	YOL057W	YOL057W
Q08227	INP54	YOL065C
Q08230	SDH5	YOL071W
Q08235	BRX1	YOL077C
Q08245	ZEO1	YOL109W
Q08273	HRT1	YOL133W
Q08278	MED7	YOL135C
Q08281	RTC1	YOL138C
Q08285	RRP40	YOL142W
Q08347	BDS1	YOL164W
Q08412	CUE5	YOR042W
Q08444	NOB1	YOR056C
Q08446	SGT1	YOR057W
Q08448	YOR059C	YOR059C
Q08484	GYP1	YOR070C
Q08491	SKI7	YOR076C
Q08548	ALE1	YOR175C
Q08553	SYC1	YOR179C
Q08558	DCI1	YOR180C
Q08562	ULS1	YOR191W
Q08581	SLK19	YOR195W
Q08601	MCA1	YOR197W
Q08641	ABP140	YOR239W
Q08645	MET7	YOR241W
Q08651	ENV9	YOR246C
Q08683	APC5	YOR249C
Q08685	CLP1	YOR250C
Q08686	TUM1	YOR251C
Q08687	TMA16	YOR252W
Q08689	NAT5	YOR253W
Q08693	TRE2	YOR256C
Q08723	RPN8	YOR261C
Q08732	HRK1	YOR267C
Q08746	RRS1	YOR294W
Q08773	ISW2	YOR304W
Q08816	YOR352W	YOR352W
Q08817	SOG2	YOR353C
Q08818	MSC6	YOR354C
Q08822	CIR2	YOR356W
Q08826	SNX3	YOR357C
Q08886	GPB1	YOR371C
Q08919	TRE1	YPL176C
Q08920	CBC2	YPL178W
Q08921	TCO89	YPL180W
Q08923	CTI6	YPL181W
Q08925	MRN1	YPL184C
Q08926	UIP4	YPL186C
Q08951	APL5	YPL195W
Q08960	TYW1	YPL207W
Q08961	RKM1	YPL208W
Q08963	LEA1	YPL213W
Q08965	BMS1	YPL217C
Q08966	PCL8	YPL219W
Q08968	FMP40	YPL222W
Q08970	MMT2	YPL224C
Q08971	YPL225W	YPL225W
Q08972	NEW1	YPL226W
Q08977	YPL260W	YPL260W
Q08980	YPL264C	YPL264C
Q08985	SAM4	YPL273W
Q08986	SAM3	YPL274W
Q10740	LAP2	YNL045W
Q12000	TMA46	YOR091W
Q12003	ENV7	YPL236C
Q12004	TFB4	YPR056W
Q12008	GPM2	YDL021W
Q12009	TRM8	YDL201W
Q12012	YOR289W	YOR289W
Q12015	YOR223W	YOR223W
Q12017	PLP2	YOR281C
Q12018	CDC53	YDL132W
Q12020	SRL2	YLR082C
Q12025	YDR056C	YDR056C
Q12028	APL4	YPR029C
Q12029	FSF1	YOR271C
Q12030	TAF10	YDR167W
Q12031	ICL2	YPR006C
Q12032	AIM41	YOR215C
Q12033	RIM20	YOR275C
Q12034	SLF1	YDR515W
Q12035	FCF2	YLR051C
Q12038	SRO7	YPR032W
Q12039	HMI1	YOL095C
Q12040	YOR283W	YOR283W
Q12041	MET32	YDR253C
Q12043	TGL5	YOR081C
Q12044	RCN2	YOR220W
Q12045	VIK1	YPL253C
Q12049	THP3	YPR045C
Q12052	TGS1	YPL157W
Q12055	FAP7	YDL166C
Q12057	PIN2	YOR104W
Q12060	HFI1	YPL254W
Q12063	NUS1	YDL193W
Q12066	NUR1	YDL089W
Q12068	GRE2	YOL151W
Q12069	PUS9	YDL036C
Q12071	VPS54	YDR027C
Q12072	IOC2	YLR095C
Q12074	SPE3	YPR069C
Q12078	SMF3	YLR034C
Q12080	NOP53	YPL146C
Q12082	YDL157C	YDL157C
Q12084	DAS2	YDR020C
Q12089	AEP3	YPL005W
Q12090	REX3	YLR107W
Q12096	GNT1	YOR320C
Q12100	RTK1	YDL025C
Q12102	CFT2	YLR115W
Q12104	SWT1	YOR166C
Q12108	RTC5	YOR118W
Q12109	WRS1	YOL097C
Q12114	CHS5	YLR330W
Q12116	TMS1	YDR105C
Q12117	MRH1	YDR033W
Q12118	SGT2	YOR007C
Q12122	LYS21	YDL131W
Q12123	DCS2	YOR173W
Q12124	MED2	YDL005C
Q12125	GET4	YOR164C
Q12133	SPC3	YLR066W
Q12134	HUA2	YOR284W
Q12136	SAS10	YDL153C
Q12139	YPR022C	YPR022C
Q12143	NSL1	YPL233W
Q12144	PER33	YLR064W
Q12149	RRP6	YOR001W
Q12152	YPL150W	YPL150W
Q12153	SSF2	YDR312W
Q12154	GET3	YDL100C
Q12155	YLR050C	YLR050C
Q12157	APC11	YDL008W
Q12159	YRA1	YDR381W
Q12161	PSH1	YOL054W
Q12164	POM33	YLL023C
Q12168	ACF2	YLR144C
Q12176	MAK21	YDR060W
Q12180	HAL9	YOL089C
Q12181	TAH18	YPR048W
Q12186	MSL5	YLR116W
Q12191	BUG1	YDL099W
Q12192	RFM1	YOR279C
Q12196	RIO1	YOR119C
Q12200	NCR1	YPL006W
Q12205	MNL2	YLR057W
Q12207	NCE102	YPR149W
Q12208	USB1	YLR132C
Q12211	PUS1	YPL212C
Q12213	RPL7B	YPL198W
Q12222	YGK3	YOL128C
Q12223	RAD59	YDL059C
Q12229	UBX3	YDL091C
Q12230	LSP1	YPL004C
Q12233	ATP20	YPR020W
Q12234	RUD3	YOR216C
Q12235	YCT1	YLL055W
Q12236	PKH2	YOL100W
Q12242	RUP1	YOR138C
Q12245	POC4	YPL144W
Q12246	LCB4	YOR171C
Q12247	FYV7	YLR068W
Q12250	RPN5	YDL147W
Q12251	YPR011C	YPR011C
Q12255	NYV1	YLR093C
Q12256	TPO4	YOR273C
Q12262	MCM16	YPR046W
Q12263	GIN4	YDR507C
Q12265	PRS5	YOL061W
Q12267	SMC4	YLR086W
Q12270	RBD2	YPL246C
Q12271	INP53	YOR109W
Q12272	TPT1	YOL102C
Q12275	YOR093C	YOR093C
Q12276	HER1	YOR227W
Q12277	RRP42	YDL111C
Q12280	IQG1	YPL242C
Q12283	MCT1	YOR221C
Q12284	ERV2	YPR037C
Q12285	MDY2	YOL111C
Q12287	COX17	YLL009C
Q12289	CRC1	YOR100C
Q12296	MAM3	YOL060C
Q12298	YDR061W	YDR061W
Q12305	RDL1	YOR285W
Q12306	SMT3	YDR510W
Q12309	CLF1	YLR117C
Q12311	NTO1	YPR031W
Q12314	SFM1	YOR021C
Q12320	GLO4	YOR040W
Q12321	MED1	YPR070W
Q12324	YVC1	YOR087W
Q12329	HSP42	YDR171W
Q12335	PST2	YDR032C
Q12339	UTP23	YOR004W
Q12341	HAT1	YPL001W
Q12343	MED4	YOR174W
Q12344	GYP5	YPL249C
Q12345	IES3	YLR052W
Q12362	RIB2	YOL066C
Q12363	WTM1	YOR230W
Q12365	BBP1	YPL255W
Q12367	RKM5	YLR137W
Q12373	HIF1	YLL022C
Q12374	NCA2	YPR155C
Q12375	ORT1	YOR130C
Q12377	RPN6	YDL097C
Q12380	ATG5	YPL149W
Q12383	TRM13	YOL125W
Q12386	ARP8	YOR141C
Q12389	DBP10	YDL031W
Q12395	DCN1	YLR128W
Q12396	EMP46	YLR080W
Q12400	TRM10	YOL093W
Q12402	YOP1	YPR028W
Q12403	ERP3	YDL018C
Q12404	MPD1	YOR288C
Q12405	LPX1	YOR084W
Q12406	ARP7	YPR034W
Q12408	NPC2	YDL046W
Q12415	TFC7	YOR110W
Q12425	ISA2	YPR067W
Q12428	PDH1	YPR002W
Q12429	DPH6	YLR143W
Q12432	EAF3	YPR023C
Q12434	RDI1	YDL135C
Q12436	ZRT2	YLR130C
Q12442	IZH2	YOL002C
Q12443	RTN2	YDL204W
Q12446	LAS17	YOR181W
Q12447	PAA1	YDR071C
Q12449	AHA1	YDR214W
Q12451	OSH2	YDL019C
Q12452	ERG27	YLR100W
Q12453	CEX1	YOR112W
Q12458	YPR1	YDR368W
Q12461	RRD2	YPL152W
Q12462	PEX11	YOL147C
Q12464	RVB2	YPL235W
Q12466	TCB1	YOR086C
Q12480	AIM45	YPR004C
Q12482	AGC1	YPR021C
Q12483	SNF8	YPL002C
Q12486	YOR131C	YOR131C
Q12487	MRPL23	YOR150W
Q12488	PSF1	YDR013W
Q12493	NKP1	YDR383C
Q12494	KCS1	YDR017C
Q12495	RLF2	YPR018W
Q12496	YOL098C	YOL098C
Q12498	PRM4	YPL156C
Q12500	AVL9	YLR114C
Q12502	LDB19	YOR322C
Q12508	RMD5	YDR255C
Q12509	ARP6	YLR085C
Q12511	PTC5	YOR090C
Q12513	TMA17	YDL110C
Q12514	NOT5	YPR072W
Q12515	PAR32	YDL173W
Q12516	SRF1	YDL133W
Q12517	DCP1	YOL149W
Q12518	ENT1	YDL161W
Q12520	HUT1	YPL244C
Q12527	ATG11	YPR049C
Q12532	RQC2	YPL009C
Q12674	DNF3	YMR162C
Q12676	FOL3	YMR113W
Q12680	GLT1	YDL171C
Q12692	HTZ1	YOL012C
Q12697	YPK9	YOR291W
Q12743	DFM1	YDR411C
Q12745	SEC39	YLR440C
Q12746	PGA3	YML125C
Q12751	RTP1	YMR185W
Q12753	HAA1	YPR008W
Q2V2P4	YIL156W-B	YIL156W-B
Q2V2P9	YDR119W-A	YDR119W-A
Q3E705	EFG1	YGR271C-A
Q3E747	YLR363W-A	YLR363W-A
Q3E756	YBL029C-A	YBL029C-A
Q3E762	YBR230W-A	YBR230W-A
Q3E764	TMA7	YLR262C-A
Q3E776	YBR255C-A	YBR255C-A
Q3E793	BOL1	YAL044W-A
Q3E795	YLR361C-A	YLR361C-A
Q3E7A3	YJL133C-A	YJL133C-A
Q3E7A4	CMC2	YBL059C-A
Q3E7Y6	NBL1	YHR199C-A
Q3E834	YOS1	YER074W-A
Q3E835	MHF1	YOL086W-A
Q3E840	KTI11	YBL071W-A
Q3E841	YNR034W-A	YNR034W-A
Q3E846	COA6	YMR244C-A
Q6Q560	ISD11	YER048W-A
Q6WNK7	SUS1	YBR111W-A
Q86ZR7	YKL033W-A	YKL033W-A
Q92317	NCB2	YDR397C
Q92325	LAG2	YOL025W
Q92331	VPS5	YOR069W
Q96VH4	HBN1	YCL026C-B
Q96VH5	MIC10	YCL057C-A
Q99181	HSH49	YOR319W
Q99186	APM4	YOL062C
Q99189	MTR10	YOR160W
Q99190	TSC13	YDL015C
Q99216	PNO1	YOR145C
Q99220	YOS9	YDR057W
Q99247	YOL087C	YOL087C
Q99257	MEX67	YPL169C
Q99258	RIB3	YDR487C
Q99260	YPT6	YLR262C
Q99271	NHA1	YLR138W
Q99287	SEY1	YOR165W
Q99288	DET1	YDR051C
Q99297	ODC2	YOR222W
Q99312	ISN1	YOR155C
Q99316	MPD2	YOL088C
Q99321	DDP1	YOR163W
Q99325	ATG40	YOR152C
Q99332	FRT1	YOR324C
Q99344	UBA3	YPR066W
Q99359	RAD61	YDR014W
Q99369	FSH3	YOR280C
Q99383	HRP1	YOL123W
Q99385	VCX1	YDL128W
Q99394	TRS33	YOR115C
Q9P305	IGO2	YHR132W-A
Q9URQ5	HTL1	YCR020W-B
